text,intent,target_category,safe_response_template,requires_medical_disclaimer
Do you have Comfort Relief Tablets?,product_search,OTC Medicine,You can browse matching product results in the catalog. This is general product information and does not replace advice from a doctor or pharmacist.,true
Show me products like MediWell Everyday Cold Care Capsules,product_search,OTC Medicine,You can browse matching product results in the catalog. This is general product information and does not replace advice from a doctor or pharmacist.,true
Do you have Gentle Throat Lozenges?,product_search,OTC Medicine,You can browse matching product results in the catalog. This is general product information and does not replace advice from a doctor or pharmacist.,true
Show me products like HealthNest Cooling Vapor Rub,product_search,OTC Medicine,You can browse matching product results in the catalog. This is general product information and does not replace advice from a doctor or pharmacist.,true
Do you have Saline Nasal Spray?,product_search,OTC Medicine,You can browse matching product results in the catalog. This is general product information and does not replace advice from a doctor or pharmacist.,true
Show me products like TempEase Digital Fever Strips,product_search,OTC Medicine,You can browse matching product results in the catalog. This is general product information and does not replace advice from a doctor or pharmacist.,true
Do you have Non-Drowsy Allergy Tablets?,product_search,OTC Medicine,You can browse matching product results in the catalog. This is general product information and does not replace advice from a doctor or pharmacist.,true
Show me products like KidCare Children Comfort Syrup,product_search,OTC Medicine,You can browse matching product results in the catalog. This is general product information and does not replace advice from a doctor or pharmacist.,true
Do you have Heat Therapy Patches?,product_search,OTC Medicine,You can browse matching product results in the catalog. This is general product information and does not replace advice from a doctor or pharmacist.,true
Show me products like HydraDay Electrolyte Sachets,product_search,OTC Medicine,You can browse matching product results in the catalog. This is general product information and does not replace advice from a doctor or pharmacist.,true
Do you have Daily Probiotic Capsules?,product_search,Digestive Health,You can browse matching product results in the catalog. This is general product information and does not replace advice from a doctor or pharmacist.,true
Show me products like NutriFiber Fiber Blend Powder,product_search,Digestive Health,You can browse matching product results in the catalog. This is general product information and does not replace advice from a doctor or pharmacist.,true
Do you have Oral Rehydration Salts?,product_search,Digestive Health,You can browse matching product results in the catalog. This is general product information and does not replace advice from a doctor or pharmacist.,true
Show me products like DigestEase Digestive Enzyme Tablets,product_search,Digestive Health,You can browse matching product results in the catalog. This is general product information and does not replace advice from a doctor or pharmacist.,true
Do you have Peppermint Comfort Tea?,product_search,Digestive Health,You can browse matching product results in the catalog. This is general product information and does not replace advice from a doctor or pharmacist.,true
Show me products like NatureBite Ginger Chew Packs,product_search,Digestive Health,You can browse matching product results in the catalog. This is general product information and does not replace advice from a doctor or pharmacist.,true
Do you have Prebiotic Fiber Gummies?,product_search,Digestive Health,You can browse matching product results in the catalog. This is general product information and does not replace advice from a doctor or pharmacist.,true
Show me products like HydraDay Hydration Ready Drink,product_search,Digestive Health,You can browse matching product results in the catalog. This is general product information and does not replace advice from a doctor or pharmacist.,true
Do you have Sensitive Stomach Tea?,product_search,Digestive Health,You can browse matching product results in the catalog. This is general product information and does not replace advice from a doctor or pharmacist.,true
Show me products like PharmaCare Digestive Wellness Kit,product_search,Digestive Health,You can browse matching product results in the catalog. This is general product information and does not replace advice from a doctor or pharmacist.,true
Do you have Vitamin C Chewables?,product_search,Vitamins & Minerals,You can browse matching product results in the catalog. This is general product information and does not replace advice from a doctor or pharmacist.,true
Show me products like VitaCore Daily Multivitamin Tablets,product_search,Vitamins & Minerals,You can browse matching product results in the catalog. This is general product information and does not replace advice from a doctor or pharmacist.,true
Do you have Vitamin D3 Softgels?,product_search,Vitamins & Minerals,You can browse matching product results in the catalog. This is general product information and does not replace advice from a doctor or pharmacist.,true
Show me products like BoneCare Calcium Plus Tablets,product_search,Vitamins & Minerals,You can browse matching product results in the catalog. This is general product information and does not replace advice from a doctor or pharmacist.,true
Do you have Magnesium Capsules?,product_search,Vitamins & Minerals,You can browse matching product results in the catalog. This is general product information and does not replace advice from a doctor or pharmacist.,true
Show me products like MineralPlus Iron Support Tablets,product_search,Vitamins & Minerals,You can browse matching product results in the catalog. This is general product information and does not replace advice from a doctor or pharmacist.,true
Do you have Zinc Wellness Lozenges?,product_search,Vitamins & Minerals,You can browse matching product results in the catalog. This is general product information and does not replace advice from a doctor or pharmacist.,true
Show me products like EnergyWell B-Complex Tablets,product_search,Vitamins & Minerals,You can browse matching product results in the catalog. This is general product information and does not replace advice from a doctor or pharmacist.,true
Do you have Kids Multivitamin Gummies?,product_search,Vitamins & Minerals,You can browse matching product results in the catalog. This is general product information and does not replace advice from a doctor or pharmacist.,true
Show me products like HeartWise Omega-3 Softgels,product_search,Vitamins & Minerals,You can browse matching product results in the catalog. This is general product information and does not replace advice from a doctor or pharmacist.,true
Do you have Baby Gentle Wash?,product_search,Mother & Baby,You can browse matching product results in the catalog. This is general product information and does not replace advice from a doctor or pharmacist.,true
Show me products like TinyCare Baby Moisture Lotion,product_search,Mother & Baby,You can browse matching product results in the catalog. This is general product information and does not replace advice from a doctor or pharmacist.,true
Do you have Diaper Rash Cream?,product_search,Mother & Baby,You can browse matching product results in the catalog. This is general product information and does not replace advice from a doctor or pharmacist.,true
Show me products like CareBaby Infant Nasal Aspirator,product_search,Mother & Baby,You can browse matching product results in the catalog. This is general product information and does not replace advice from a doctor or pharmacist.,true
Do you have Baby Wipes Sensitive?,product_search,Mother & Baby,You can browse matching product results in the catalog. This is general product information and does not replace advice from a doctor or pharmacist.,true
Show me products like MamaCare Nursing Pads Pack,product_search,Mother & Baby,You can browse matching product results in the catalog. This is general product information and does not replace advice from a doctor or pharmacist.,true
Do you have Baby Thermometer?,product_search,Mother & Baby,You can browse matching product results in the catalog. This is general product information and does not replace advice from a doctor or pharmacist.,true
Show me products like CareBaby Bottle Cleaning Brush,product_search,Mother & Baby,You can browse matching product results in the catalog. This is general product information and does not replace advice from a doctor or pharmacist.,true
Do you have Toddler Toothbrush Set?,product_search,Mother & Baby,You can browse matching product results in the catalog. This is general product information and does not replace advice from a doctor or pharmacist.,true
Show me products like MamaCare Baby Care Starter Kit,product_search,Mother & Baby,You can browse matching product results in the catalog. This is general product information and does not replace advice from a doctor or pharmacist.,true
Do you have Antibacterial Hand Gel?,product_search,Personal Care,You can browse matching product results in the catalog. This is general product information and does not replace advice from a doctor or pharmacist.,true
Show me products like CleanGuard Gentle Hand Wash,product_search,Personal Care,You can browse matching product results in the catalog. This is general product information and does not replace advice from a doctor or pharmacist.,true
Do you have Cotton Buds Pack?,product_search,Personal Care,You can browse matching product results in the catalog. This is general product information and does not replace advice from a doctor or pharmacist.,true
Show me products like FreshEase Body Cleansing Wipes,product_search,Personal Care,You can browse matching product results in the catalog. This is general product information and does not replace advice from a doctor or pharmacist.,true
Do you have Deodorant Roll-On?,product_search,Personal Care,You can browse matching product results in the catalog. This is general product information and does not replace advice from a doctor or pharmacist.,true
Show me products like SmoothCare Sensitive Shaving Gel,product_search,Personal Care,You can browse matching product results in the catalog. This is general product information and does not replace advice from a doctor or pharmacist.,true
Do you have Disposable Face Masks?,product_search,Personal Care,You can browse matching product results in the catalog. This is general product information and does not replace advice from a doctor or pharmacist.,true
Show me products like PureCare Moisturizing Body Wash,product_search,Personal Care,You can browse matching product results in the catalog. This is general product information and does not replace advice from a doctor or pharmacist.,true
Do you have Travel Hygiene Kit?,product_search,Personal Care,You can browse matching product results in the catalog. This is general product information and does not replace advice from a doctor or pharmacist.,true
Show me products like SoftHands Hand Cream Tube,product_search,Personal Care,You can browse matching product results in the catalog. This is general product information and does not replace advice from a doctor or pharmacist.,true
Do you have Digital Blood Pressure Monitor?,product_search,Medical Devices,You can browse matching product results in the catalog. This is general product information and does not replace advice from a doctor or pharmacist.,true
Show me products like HomeMed Pulse Oximeter,product_search,Medical Devices,You can browse matching product results in the catalog. This is general product information and does not replace advice from a doctor or pharmacist.,true
Do you have Digital Thermometer?,product_search,Medical Devices,You can browse matching product results in the catalog. This is general product information and does not replace advice from a doctor or pharmacist.,true
Show me products like FlexiCare Reusable Hot Cold Pack,product_search,Medical Devices,You can browse matching product results in the catalog. This is general product information and does not replace advice from a doctor or pharmacist.,true
Do you have Adjustable Wrist Support?,product_search,Medical Devices,You can browse matching product results in the catalog. This is general product information and does not replace advice from a doctor or pharmacist.,true
Show me products like BreatheWell Nebulizer Accessory Kit,product_search,Medical Devices,You can browse matching product results in the catalog. This is general product information and does not replace advice from a doctor or pharmacist.,true
Do you have Weekly Pill Organizer?,product_search,Medical Devices,You can browse matching product results in the catalog. This is general product information and does not replace advice from a doctor or pharmacist.,true
Show me products like MobilityCare Walking Cane Grip,product_search,Medical Devices,You can browse matching product results in the catalog. This is general product information and does not replace advice from a doctor or pharmacist.,true
Do you have Digital Weighing Scale?,product_search,Medical Devices,You can browse matching product results in the catalog. This is general product information and does not replace advice from a doctor or pharmacist.,true
Show me products like CareTools First Response Timer,product_search,Medical Devices,You can browse matching product results in the catalog. This is general product information and does not replace advice from a doctor or pharmacist.,true
Do you have Adhesive Bandage Pack?,product_search,First Aid,You can browse matching product results in the catalog. This is general product information and does not replace advice from a doctor or pharmacist.,true
Show me products like FirstCare Sterile Gauze Pads,product_search,First Aid,You can browse matching product results in the catalog. This is general product information and does not replace advice from a doctor or pharmacist.,true
Do you have Medical Tape Roll?,product_search,First Aid,You can browse matching product results in the catalog. This is general product information and does not replace advice from a doctor or pharmacist.,true
Show me products like CleanGuard Antiseptic Wipes,product_search,First Aid,You can browse matching product results in the catalog. This is general product information and does not replace advice from a doctor or pharmacist.,true
Do you have Elastic Bandage Wrap?,product_search,First Aid,You can browse matching product results in the catalog. This is general product information and does not replace advice from a doctor or pharmacist.,true
Show me products like FirstCare Instant Cold Pack,product_search,First Aid,You can browse matching product results in the catalog. This is general product information and does not replace advice from a doctor or pharmacist.,true
Do you have Tweezers and Scissors Set?,product_search,First Aid,You can browse matching product results in the catalog. This is general product information and does not replace advice from a doctor or pharmacist.,true
Show me products like CoolAid Burn Gel Sachets,product_search,First Aid,You can browse matching product results in the catalog. This is general product information and does not replace advice from a doctor or pharmacist.,true
Do you have First Aid Box?,product_search,First Aid,You can browse matching product results in the catalog. This is general product information and does not replace advice from a doctor or pharmacist.,true
Show me products like FirstCare Complete First Aid Kit,product_search,First Aid,You can browse matching product results in the catalog. This is general product information and does not replace advice from a doctor or pharmacist.,true
Do you have Daily Moisturizing Cream?,product_search,Skincare,You can browse matching product results in the catalog. This is general product information and does not replace advice from a doctor or pharmacist.,true
Show me products like DermaSoft Gentle Facial Cleanser,product_search,Skincare,You can browse matching product results in the catalog. This is general product information and does not replace advice from a doctor or pharmacist.,true
Do you have SPF 50 Sunscreen Lotion?,product_search,Skincare,You can browse matching product results in the catalog. This is general product information and does not replace advice from a doctor or pharmacist.,true
Show me products like NatureSkin Aloe Vera Gel,product_search,Skincare,You can browse matching product results in the catalog. This is general product information and does not replace advice from a doctor or pharmacist.,true
Do you have Lip Balm SPF?,product_search,Skincare,You can browse matching product results in the catalog. This is general product information and does not replace advice from a doctor or pharmacist.,true
Show me products like DermaCalm Sensitive Skin Lotion,product_search,Skincare,You can browse matching product results in the catalog. This is general product information and does not replace advice from a doctor or pharmacist.,true
Do you have Hydrating Face Mist?,product_search,Skincare,You can browse matching product results in the catalog. This is general product information and does not replace advice from a doctor or pharmacist.,true
Show me products like DermaCalm Barrier Repair Cream,product_search,Skincare,You can browse matching product results in the catalog. This is general product information and does not replace advice from a doctor or pharmacist.,true
Do you have Hand Repair Balm?,product_search,Skincare,You can browse matching product results in the catalog. This is general product information and does not replace advice from a doctor or pharmacist.,true
Show me products like DermaSoft Skincare Travel Set,product_search,Skincare,You can browse matching product results in the catalog. This is general product information and does not replace advice from a doctor or pharmacist.,true
Do you have Soft Toothbrush Duo?,product_search,Oral Care,You can browse matching product results in the catalog. This is general product information and does not replace advice from a doctor or pharmacist.,true
Show me products like SmileCare Fluoride Toothpaste,product_search,Oral Care,You can browse matching product results in the catalog. This is general product information and does not replace advice from a doctor or pharmacist.,true
Do you have Alcohol-Free Mouthwash?,product_search,Oral Care,You can browse matching product results in the catalog. This is general product information and does not replace advice from a doctor or pharmacist.,true
Show me products like FreshMouth Dental Floss Picks,product_search,Oral Care,You can browse matching product results in the catalog. This is general product information and does not replace advice from a doctor or pharmacist.,true
Do you have Sensitive Toothpaste?,product_search,Oral Care,You can browse matching product results in the catalog. This is general product information and does not replace advice from a doctor or pharmacist.,true
Show me products like SmileCare Tongue Cleaner,product_search,Oral Care,You can browse matching product results in the catalog. This is general product information and does not replace advice from a doctor or pharmacist.,true
Do you have Kids Toothpaste?,product_search,Oral Care,You can browse matching product results in the catalog. This is general product information and does not replace advice from a doctor or pharmacist.,true
Show me products like CareDental Orthodontic Wax,product_search,Oral Care,You can browse matching product results in the catalog. This is general product information and does not replace advice from a doctor or pharmacist.,true
Do you have Denture Cleaning Tablets?,product_search,Oral Care,You can browse matching product results in the catalog. This is general product information and does not replace advice from a doctor or pharmacist.,true
Show me products like FreshMouth Oral Care Travel Kit,product_search,Oral Care,You can browse matching product results in the catalog. This is general product information and does not replace advice from a doctor or pharmacist.,true
Do you have Protein Shake Vanilla?,product_search,Nutrition & Health Food,You can browse matching product results in the catalog. This is general product information and does not replace advice from a doctor or pharmacist.,true
Show me products like NutriLife High Fiber Snack Bars,product_search,Nutrition & Health Food,You can browse matching product results in the catalog. This is general product information and does not replace advice from a doctor or pharmacist.,true
Do you have Low Sugar Granola?,product_search,Nutrition & Health Food,You can browse matching product results in the catalog. This is general product information and does not replace advice from a doctor or pharmacist.,true
Show me products like DailyFuel Meal Replacement Powder,product_search,Nutrition & Health Food,You can browse matching product results in the catalog. This is general product information and does not replace advice from a doctor or pharmacist.,true
Do you have Herbal Wellness Tea?,product_search,Nutrition & Health Food,You can browse matching product results in the catalog. This is general product information and does not replace advice from a doctor or pharmacist.,true
Show me products like HydraDay Electrolyte Sports Drink,product_search,Nutrition & Health Food,You can browse matching product results in the catalog. This is general product information and does not replace advice from a doctor or pharmacist.,true
Do you have Oat Nutrition Drink?,product_search,Nutrition & Health Food,You can browse matching product results in the catalog. This is general product information and does not replace advice from a doctor or pharmacist.,true
Show me products like DailyFuel Mixed Nuts Portion Pack,product_search,Nutrition & Health Food,You can browse matching product results in the catalog. This is general product information and does not replace advice from a doctor or pharmacist.,true
Do you have Chia Seed Pouch?,product_search,Nutrition & Health Food,You can browse matching product results in the catalog. This is general product information and does not replace advice from a doctor or pharmacist.,true
Show me products like PharmaCare Nutrition Starter Bundle,product_search,Nutrition & Health Food,You can browse matching product results in the catalog. This is general product information and does not replace advice from a doctor or pharmacist.,true
What category should I browse for non-prescription cold or allergy comfort?,category_recommendation,OTC Medicine,"Based on your general need, you may want to browse OTC Medicine products. This is only general product guidance and is not medical advice.",true
"What category should I browse for probiotics, fiber, or hydration support?",category_recommendation,Digestive Health,"Based on your general need, you may want to browse Digestive Health products. This is only general product guidance and is not medical advice.",true
What category should I browse for daily supplement routines?,category_recommendation,Vitamins & Minerals,"Based on your general need, you may want to browse Vitamins & Minerals products. This is only general product guidance and is not medical advice.",true
"What category should I browse for baby bath, wipes, or caregiver supplies?",category_recommendation,Mother & Baby,"Based on your general need, you may want to browse Mother & Baby products. This is only general product guidance and is not medical advice.",true
What category should I browse for hand hygiene and daily care?,category_recommendation,Personal Care,"Based on your general need, you may want to browse Personal Care products. This is only general product guidance and is not medical advice.",true
What category should I browse for home-use monitoring tools?,category_recommendation,Medical Devices,"Based on your general need, you may want to browse Medical Devices products. This is only general product guidance and is not medical advice.",true
What category should I browse for minor cut and scrape supplies?,category_recommendation,First Aid,"Based on your general need, you may want to browse First Aid products. This is only general product guidance and is not medical advice.",true
"What category should I browse for moisturizer, cleanser, or sunscreen?",category_recommendation,Skincare,"Based on your general need, you may want to browse Skincare products. This is only general product guidance and is not medical advice.",true
"What category should I browse for toothbrush, toothpaste, or floss?",category_recommendation,Oral Care,"Based on your general need, you may want to browse Oral Care products. This is only general product guidance and is not medical advice.",true
What category should I browse for nutrition drinks or snack products?,category_recommendation,Nutrition & Health Food,"Based on your general need, you may want to browse Nutrition & Health Food products. This is only general product guidance and is not medical advice.",true
What category should I browse for non-prescription cold or allergy comfort?,category_recommendation,OTC Medicine,"Based on your general need, you may want to browse OTC Medicine products. This is only general product guidance and is not medical advice.",true
"What category should I browse for probiotics, fiber, or hydration support?",category_recommendation,Digestive Health,"Based on your general need, you may want to browse Digestive Health products. This is only general product guidance and is not medical advice.",true
What category should I browse for daily supplement routines?,category_recommendation,Vitamins & Minerals,"Based on your general need, you may want to browse Vitamins & Minerals products. This is only general product guidance and is not medical advice.",true
"What category should I browse for baby bath, wipes, or caregiver supplies?",category_recommendation,Mother & Baby,"Based on your general need, you may want to browse Mother & Baby products. This is only general product guidance and is not medical advice.",true
What category should I browse for hand hygiene and daily care?,category_recommendation,Personal Care,"Based on your general need, you may want to browse Personal Care products. This is only general product guidance and is not medical advice.",true
What category should I browse for home-use monitoring tools?,category_recommendation,Medical Devices,"Based on your general need, you may want to browse Medical Devices products. This is only general product guidance and is not medical advice.",true
What category should I browse for minor cut and scrape supplies?,category_recommendation,First Aid,"Based on your general need, you may want to browse First Aid products. This is only general product guidance and is not medical advice.",true
"What category should I browse for moisturizer, cleanser, or sunscreen?",category_recommendation,Skincare,"Based on your general need, you may want to browse Skincare products. This is only general product guidance and is not medical advice.",true
"What category should I browse for toothbrush, toothpaste, or floss?",category_recommendation,Oral Care,"Based on your general need, you may want to browse Oral Care products. This is only general product guidance and is not medical advice.",true
What category should I browse for nutrition drinks or snack products?,category_recommendation,Nutrition & Health Food,"Based on your general need, you may want to browse Nutrition & Health Food products. This is only general product guidance and is not medical advice.",true
What category should I browse for non-prescription cold or allergy comfort?,category_recommendation,OTC Medicine,"Based on your general need, you may want to browse OTC Medicine products. This is only general product guidance and is not medical advice.",true
"What category should I browse for probiotics, fiber, or hydration support?",category_recommendation,Digestive Health,"Based on your general need, you may want to browse Digestive Health products. This is only general product guidance and is not medical advice.",true
What category should I browse for daily supplement routines?,category_recommendation,Vitamins & Minerals,"Based on your general need, you may want to browse Vitamins & Minerals products. This is only general product guidance and is not medical advice.",true
"What category should I browse for baby bath, wipes, or caregiver supplies?",category_recommendation,Mother & Baby,"Based on your general need, you may want to browse Mother & Baby products. This is only general product guidance and is not medical advice.",true
What category should I browse for hand hygiene and daily care?,category_recommendation,Personal Care,"Based on your general need, you may want to browse Personal Care products. This is only general product guidance and is not medical advice.",true
What category should I browse for home-use monitoring tools?,category_recommendation,Medical Devices,"Based on your general need, you may want to browse Medical Devices products. This is only general product guidance and is not medical advice.",true
What category should I browse for minor cut and scrape supplies?,category_recommendation,First Aid,"Based on your general need, you may want to browse First Aid products. This is only general product guidance and is not medical advice.",true
"What category should I browse for moisturizer, cleanser, or sunscreen?",category_recommendation,Skincare,"Based on your general need, you may want to browse Skincare products. This is only general product guidance and is not medical advice.",true
"What category should I browse for toothbrush, toothpaste, or floss?",category_recommendation,Oral Care,"Based on your general need, you may want to browse Oral Care products. This is only general product guidance and is not medical advice.",true
What category should I browse for nutrition drinks or snack products?,category_recommendation,Nutrition & Health Food,"Based on your general need, you may want to browse Nutrition & Health Food products. This is only general product guidance and is not medical advice.",true
What category should I browse for non-prescription cold or allergy comfort?,category_recommendation,OTC Medicine,"Based on your general need, you may want to browse OTC Medicine products. This is only general product guidance and is not medical advice.",true
"What category should I browse for probiotics, fiber, or hydration support?",category_recommendation,Digestive Health,"Based on your general need, you may want to browse Digestive Health products. This is only general product guidance and is not medical advice.",true
What category should I browse for daily supplement routines?,category_recommendation,Vitamins & Minerals,"Based on your general need, you may want to browse Vitamins & Minerals products. This is only general product guidance and is not medical advice.",true
"What category should I browse for baby bath, wipes, or caregiver supplies?",category_recommendation,Mother & Baby,"Based on your general need, you may want to browse Mother & Baby products. This is only general product guidance and is not medical advice.",true
What category should I browse for hand hygiene and daily care?,category_recommendation,Personal Care,"Based on your general need, you may want to browse Personal Care products. This is only general product guidance and is not medical advice.",true
What category should I browse for home-use monitoring tools?,category_recommendation,Medical Devices,"Based on your general need, you may want to browse Medical Devices products. This is only general product guidance and is not medical advice.",true
What category should I browse for minor cut and scrape supplies?,category_recommendation,First Aid,"Based on your general need, you may want to browse First Aid products. This is only general product guidance and is not medical advice.",true
"What category should I browse for moisturizer, cleanser, or sunscreen?",category_recommendation,Skincare,"Based on your general need, you may want to browse Skincare products. This is only general product guidance and is not medical advice.",true
"What category should I browse for toothbrush, toothpaste, or floss?",category_recommendation,Oral Care,"Based on your general need, you may want to browse Oral Care products. This is only general product guidance and is not medical advice.",true
What category should I browse for nutrition drinks or snack products?,category_recommendation,Nutrition & Health Food,"Based on your general need, you may want to browse Nutrition & Health Food products. This is only general product guidance and is not medical advice.",true
What category should I browse for non-prescription cold or allergy comfort?,category_recommendation,OTC Medicine,"Based on your general need, you may want to browse OTC Medicine products. This is only general product guidance and is not medical advice.",true
"What category should I browse for probiotics, fiber, or hydration support?",category_recommendation,Digestive Health,"Based on your general need, you may want to browse Digestive Health products. This is only general product guidance and is not medical advice.",true
What category should I browse for daily supplement routines?,category_recommendation,Vitamins & Minerals,"Based on your general need, you may want to browse Vitamins & Minerals products. This is only general product guidance and is not medical advice.",true
"What category should I browse for baby bath, wipes, or caregiver supplies?",category_recommendation,Mother & Baby,"Based on your general need, you may want to browse Mother & Baby products. This is only general product guidance and is not medical advice.",true
What category should I browse for hand hygiene and daily care?,category_recommendation,Personal Care,"Based on your general need, you may want to browse Personal Care products. This is only general product guidance and is not medical advice.",true
What category should I browse for home-use monitoring tools?,category_recommendation,Medical Devices,"Based on your general need, you may want to browse Medical Devices products. This is only general product guidance and is not medical advice.",true
What category should I browse for minor cut and scrape supplies?,category_recommendation,First Aid,"Based on your general need, you may want to browse First Aid products. This is only general product guidance and is not medical advice.",true
"What category should I browse for moisturizer, cleanser, or sunscreen?",category_recommendation,Skincare,"Based on your general need, you may want to browse Skincare products. This is only general product guidance and is not medical advice.",true
"What category should I browse for toothbrush, toothpaste, or floss?",category_recommendation,Oral Care,"Based on your general need, you may want to browse Oral Care products. This is only general product guidance and is not medical advice.",true
What category should I browse for nutrition drinks or snack products?,category_recommendation,Nutrition & Health Food,"Based on your general need, you may want to browse Nutrition & Health Food products. This is only general product guidance and is not medical advice.",true
What category should I browse for non-prescription cold or allergy comfort?,category_recommendation,OTC Medicine,"Based on your general need, you may want to browse OTC Medicine products. This is only general product guidance and is not medical advice.",true
"What category should I browse for probiotics, fiber, or hydration support?",category_recommendation,Digestive Health,"Based on your general need, you may want to browse Digestive Health products. This is only general product guidance and is not medical advice.",true
What category should I browse for daily supplement routines?,category_recommendation,Vitamins & Minerals,"Based on your general need, you may want to browse Vitamins & Minerals products. This is only general product guidance and is not medical advice.",true
"What category should I browse for baby bath, wipes, or caregiver supplies?",category_recommendation,Mother & Baby,"Based on your general need, you may want to browse Mother & Baby products. This is only general product guidance and is not medical advice.",true
What category should I browse for hand hygiene and daily care?,category_recommendation,Personal Care,"Based on your general need, you may want to browse Personal Care products. This is only general product guidance and is not medical advice.",true
What category should I browse for home-use monitoring tools?,category_recommendation,Medical Devices,"Based on your general need, you may want to browse Medical Devices products. This is only general product guidance and is not medical advice.",true
What category should I browse for minor cut and scrape supplies?,category_recommendation,First Aid,"Based on your general need, you may want to browse First Aid products. This is only general product guidance and is not medical advice.",true
"What category should I browse for moisturizer, cleanser, or sunscreen?",category_recommendation,Skincare,"Based on your general need, you may want to browse Skincare products. This is only general product guidance and is not medical advice.",true
"What category should I browse for toothbrush, toothpaste, or floss?",category_recommendation,Oral Care,"Based on your general need, you may want to browse Oral Care products. This is only general product guidance and is not medical advice.",true
What category should I browse for nutrition drinks or snack products?,category_recommendation,Nutrition & Health Food,"Based on your general need, you may want to browse Nutrition & Health Food products. This is only general product guidance and is not medical advice.",true
What category should I browse for non-prescription cold or allergy comfort?,category_recommendation,OTC Medicine,"Based on your general need, you may want to browse OTC Medicine products. This is only general product guidance and is not medical advice.",true
"What category should I browse for probiotics, fiber, or hydration support?",category_recommendation,Digestive Health,"Based on your general need, you may want to browse Digestive Health products. This is only general product guidance and is not medical advice.",true
What category should I browse for daily supplement routines?,category_recommendation,Vitamins & Minerals,"Based on your general need, you may want to browse Vitamins & Minerals products. This is only general product guidance and is not medical advice.",true
"What category should I browse for baby bath, wipes, or caregiver supplies?",category_recommendation,Mother & Baby,"Based on your general need, you may want to browse Mother & Baby products. This is only general product guidance and is not medical advice.",true
What category should I browse for hand hygiene and daily care?,category_recommendation,Personal Care,"Based on your general need, you may want to browse Personal Care products. This is only general product guidance and is not medical advice.",true
What category should I browse for home-use monitoring tools?,category_recommendation,Medical Devices,"Based on your general need, you may want to browse Medical Devices products. This is only general product guidance and is not medical advice.",true
What category should I browse for minor cut and scrape supplies?,category_recommendation,First Aid,"Based on your general need, you may want to browse First Aid products. This is only general product guidance and is not medical advice.",true
"What category should I browse for moisturizer, cleanser, or sunscreen?",category_recommendation,Skincare,"Based on your general need, you may want to browse Skincare products. This is only general product guidance and is not medical advice.",true
"What category should I browse for toothbrush, toothpaste, or floss?",category_recommendation,Oral Care,"Based on your general need, you may want to browse Oral Care products. This is only general product guidance and is not medical advice.",true
What category should I browse for nutrition drinks or snack products?,category_recommendation,Nutrition & Health Food,"Based on your general need, you may want to browse Nutrition & Health Food products. This is only general product guidance and is not medical advice.",true
What category should I browse for non-prescription cold or allergy comfort?,category_recommendation,OTC Medicine,"Based on your general need, you may want to browse OTC Medicine products. This is only general product guidance and is not medical advice.",true
"What category should I browse for probiotics, fiber, or hydration support?",category_recommendation,Digestive Health,"Based on your general need, you may want to browse Digestive Health products. This is only general product guidance and is not medical advice.",true
What category should I browse for daily supplement routines?,category_recommendation,Vitamins & Minerals,"Based on your general need, you may want to browse Vitamins & Minerals products. This is only general product guidance and is not medical advice.",true
"What category should I browse for baby bath, wipes, or caregiver supplies?",category_recommendation,Mother & Baby,"Based on your general need, you may want to browse Mother & Baby products. This is only general product guidance and is not medical advice.",true
What category should I browse for hand hygiene and daily care?,category_recommendation,Personal Care,"Based on your general need, you may want to browse Personal Care products. This is only general product guidance and is not medical advice.",true
What category should I browse for home-use monitoring tools?,category_recommendation,Medical Devices,"Based on your general need, you may want to browse Medical Devices products. This is only general product guidance and is not medical advice.",true
What category should I browse for minor cut and scrape supplies?,category_recommendation,First Aid,"Based on your general need, you may want to browse First Aid products. This is only general product guidance and is not medical advice.",true
"What category should I browse for moisturizer, cleanser, or sunscreen?",category_recommendation,Skincare,"Based on your general need, you may want to browse Skincare products. This is only general product guidance and is not medical advice.",true
"What category should I browse for toothbrush, toothpaste, or floss?",category_recommendation,Oral Care,"Based on your general need, you may want to browse Oral Care products. This is only general product guidance and is not medical advice.",true
What category should I browse for nutrition drinks or snack products?,category_recommendation,Nutrition & Health Food,"Based on your general need, you may want to browse Nutrition & Health Food products. This is only general product guidance and is not medical advice.",true
What category should I browse for non-prescription cold or allergy comfort?,category_recommendation,OTC Medicine,"Based on your general need, you may want to browse OTC Medicine products. This is only general product guidance and is not medical advice.",true
"What category should I browse for probiotics, fiber, or hydration support?",category_recommendation,Digestive Health,"Based on your general need, you may want to browse Digestive Health products. This is only general product guidance and is not medical advice.",true
What category should I browse for daily supplement routines?,category_recommendation,Vitamins & Minerals,"Based on your general need, you may want to browse Vitamins & Minerals products. This is only general product guidance and is not medical advice.",true
"What category should I browse for baby bath, wipes, or caregiver supplies?",category_recommendation,Mother & Baby,"Based on your general need, you may want to browse Mother & Baby products. This is only general product guidance and is not medical advice.",true
What category should I browse for hand hygiene and daily care?,category_recommendation,Personal Care,"Based on your general need, you may want to browse Personal Care products. This is only general product guidance and is not medical advice.",true
What category should I browse for home-use monitoring tools?,category_recommendation,Medical Devices,"Based on your general need, you may want to browse Medical Devices products. This is only general product guidance and is not medical advice.",true
What category should I browse for minor cut and scrape supplies?,category_recommendation,First Aid,"Based on your general need, you may want to browse First Aid products. This is only general product guidance and is not medical advice.",true
"What category should I browse for moisturizer, cleanser, or sunscreen?",category_recommendation,Skincare,"Based on your general need, you may want to browse Skincare products. This is only general product guidance and is not medical advice.",true
"What category should I browse for toothbrush, toothpaste, or floss?",category_recommendation,Oral Care,"Based on your general need, you may want to browse Oral Care products. This is only general product guidance and is not medical advice.",true
What category should I browse for nutrition drinks or snack products?,category_recommendation,Nutrition & Health Food,"Based on your general need, you may want to browse Nutrition & Health Food products. This is only general product guidance and is not medical advice.",true
What category should I browse for non-prescription cold or allergy comfort?,category_recommendation,OTC Medicine,"Based on your general need, you may want to browse OTC Medicine products. This is only general product guidance and is not medical advice.",true
"What category should I browse for probiotics, fiber, or hydration support?",category_recommendation,Digestive Health,"Based on your general need, you may want to browse Digestive Health products. This is only general product guidance and is not medical advice.",true
What category should I browse for daily supplement routines?,category_recommendation,Vitamins & Minerals,"Based on your general need, you may want to browse Vitamins & Minerals products. This is only general product guidance and is not medical advice.",true
"What category should I browse for baby bath, wipes, or caregiver supplies?",category_recommendation,Mother & Baby,"Based on your general need, you may want to browse Mother & Baby products. This is only general product guidance and is not medical advice.",true
What category should I browse for hand hygiene and daily care?,category_recommendation,Personal Care,"Based on your general need, you may want to browse Personal Care products. This is only general product guidance and is not medical advice.",true
What category should I browse for home-use monitoring tools?,category_recommendation,Medical Devices,"Based on your general need, you may want to browse Medical Devices products. This is only general product guidance and is not medical advice.",true
What category should I browse for minor cut and scrape supplies?,category_recommendation,First Aid,"Based on your general need, you may want to browse First Aid products. This is only general product guidance and is not medical advice.",true
"What category should I browse for moisturizer, cleanser, or sunscreen?",category_recommendation,Skincare,"Based on your general need, you may want to browse Skincare products. This is only general product guidance and is not medical advice.",true
"What category should I browse for toothbrush, toothpaste, or floss?",category_recommendation,Oral Care,"Based on your general need, you may want to browse Oral Care products. This is only general product guidance and is not medical advice.",true
What category should I browse for nutrition drinks or snack products?,category_recommendation,Nutrition & Health Food,"Based on your general need, you may want to browse Nutrition & Health Food products. This is only general product guidance and is not medical advice.",true
Can you recommend a product category for i want general digestive comfort products,digestive_support,Digestive Health,"You may want to browse Digestive Health products such as probiotics, fiber, or oral rehydration options. This does not replace professional advice.",true
Show options for hydration and stomach wellness,digestive_support,Digestive Health,"You may want to browse Digestive Health products such as probiotics, fiber, or oral rehydration options. This does not replace professional advice.",true
What can I browse for fiber or probiotics,digestive_support,Digestive Health,"You may want to browse Digestive Health products such as probiotics, fiber, or oral rehydration options. This does not replace professional advice.",true
Can you recommend a product category for i need digestive health products for a travel kit,digestive_support,Digestive Health,"You may want to browse Digestive Health products such as probiotics, fiber, or oral rehydration options. This does not replace professional advice.",true
Suggest a category for mild after-meal comfort such as Peppermint Comfort Tea,digestive_support,Digestive Health,"You may want to browse Digestive Health products such as probiotics, fiber, or oral rehydration options. This does not replace professional advice.",true
I want general digestive comfort products,digestive_support,Digestive Health,"You may want to browse Digestive Health products such as probiotics, fiber, or oral rehydration options. This does not replace professional advice.",true
Show options for hydration and stomach wellness,digestive_support,Digestive Health,"You may want to browse Digestive Health products such as probiotics, fiber, or oral rehydration options. This does not replace professional advice.",true
What can I browse for fiber or probiotics,digestive_support,Digestive Health,"You may want to browse Digestive Health products such as probiotics, fiber, or oral rehydration options. This does not replace professional advice.",true
Can you recommend a product category for i need digestive health products for a travel kit,digestive_support,Digestive Health,"You may want to browse Digestive Health products such as probiotics, fiber, or oral rehydration options. This does not replace professional advice.",true
Suggest a category for mild after-meal comfort,digestive_support,Digestive Health,"You may want to browse Digestive Health products such as probiotics, fiber, or oral rehydration options. This does not replace professional advice.",true
Can you recommend a product category for i want general digestive comfort products,digestive_support,Digestive Health,"You may want to browse Digestive Health products such as probiotics, fiber, or oral rehydration options. This does not replace professional advice.",true
Can you recommend a product category for show options for hydration and stomach wellness,digestive_support,Digestive Health,"You may want to browse Digestive Health products such as probiotics, fiber, or oral rehydration options. This does not replace professional advice.",true
Can you recommend a product category for what can i browse for fiber or probiotics,digestive_support,Digestive Health,"You may want to browse Digestive Health products such as probiotics, fiber, or oral rehydration options. This does not replace professional advice.",true
I need digestive health products for a travel kit,digestive_support,Digestive Health,"You may want to browse Digestive Health products such as probiotics, fiber, or oral rehydration options. This does not replace professional advice.",true
Can you recommend a product category for suggest a category for mild after-meal comfort,digestive_support,Digestive Health,"You may want to browse Digestive Health products such as probiotics, fiber, or oral rehydration options. This does not replace professional advice.",true
I want general digestive comfort products such as Ginger Chew Packs,digestive_support,Digestive Health,"You may want to browse Digestive Health products such as probiotics, fiber, or oral rehydration options. This does not replace professional advice.",true
Show options for hydration and stomach wellness,digestive_support,Digestive Health,"You may want to browse Digestive Health products such as probiotics, fiber, or oral rehydration options. This does not replace professional advice.",true
What can I browse for fiber or probiotics,digestive_support,Digestive Health,"You may want to browse Digestive Health products such as probiotics, fiber, or oral rehydration options. This does not replace professional advice.",true
I need digestive health products for a travel kit,digestive_support,Digestive Health,"You may want to browse Digestive Health products such as probiotics, fiber, or oral rehydration options. This does not replace professional advice.",true
Suggest a category for mild after-meal comfort,digestive_support,Digestive Health,"You may want to browse Digestive Health products such as probiotics, fiber, or oral rehydration options. This does not replace professional advice.",true
I want general digestive comfort products,digestive_support,Digestive Health,"You may want to browse Digestive Health products such as probiotics, fiber, or oral rehydration options. This does not replace professional advice.",true
Can you recommend a product category for show options for hydration and stomach wellness,digestive_support,Digestive Health,"You may want to browse Digestive Health products such as probiotics, fiber, or oral rehydration options. This does not replace professional advice.",true
Can you recommend a product category for what can i browse for fiber or probiotics,digestive_support,Digestive Health,"You may want to browse Digestive Health products such as probiotics, fiber, or oral rehydration options. This does not replace professional advice.",true
I need digestive health products for a travel kit,digestive_support,Digestive Health,"You may want to browse Digestive Health products such as probiotics, fiber, or oral rehydration options. This does not replace professional advice.",true
Can you recommend a product category for suggest a category for mild after-meal comfort,digestive_support,Digestive Health,"You may want to browse Digestive Health products such as probiotics, fiber, or oral rehydration options. This does not replace professional advice.",true
I want general digestive comfort products,digestive_support,Digestive Health,"You may want to browse Digestive Health products such as probiotics, fiber, or oral rehydration options. This does not replace professional advice.",true
Can you recommend a product category for show options for hydration and stomach wellness,digestive_support,Digestive Health,"You may want to browse Digestive Health products such as probiotics, fiber, or oral rehydration options. This does not replace professional advice.",true
Can you recommend a product category for what can i browse for fiber or probiotics,digestive_support,Digestive Health,"You may want to browse Digestive Health products such as probiotics, fiber, or oral rehydration options. This does not replace professional advice.",true
Can you recommend a product category for i need digestive health products for a travel kit,digestive_support,Digestive Health,"You may want to browse Digestive Health products such as probiotics, fiber, or oral rehydration options. This does not replace professional advice.",true
Can you recommend a product category for suggest a category for mild after-meal comfort,digestive_support,Digestive Health,"You may want to browse Digestive Health products such as probiotics, fiber, or oral rehydration options. This does not replace professional advice.",true
I want general digestive comfort products such as Daily Probiotic Capsules,digestive_support,Digestive Health,"You may want to browse Digestive Health products such as probiotics, fiber, or oral rehydration options. This does not replace professional advice.",true
Show options for hydration and stomach wellness,digestive_support,Digestive Health,"You may want to browse Digestive Health products such as probiotics, fiber, or oral rehydration options. This does not replace professional advice.",true
What can I browse for fiber or probiotics such as Oral Rehydration Salts,digestive_support,Digestive Health,"You may want to browse Digestive Health products such as probiotics, fiber, or oral rehydration options. This does not replace professional advice.",true
Can you recommend a product category for i need digestive health products for a travel kit,digestive_support,Digestive Health,"You may want to browse Digestive Health products such as probiotics, fiber, or oral rehydration options. This does not replace professional advice.",true
Suggest a category for mild after-meal comfort such as Peppermint Comfort Tea,digestive_support,Digestive Health,"You may want to browse Digestive Health products such as probiotics, fiber, or oral rehydration options. This does not replace professional advice.",true
I want general digestive comfort products,digestive_support,Digestive Health,"You may want to browse Digestive Health products such as probiotics, fiber, or oral rehydration options. This does not replace professional advice.",true
Show options for hydration and stomach wellness,digestive_support,Digestive Health,"You may want to browse Digestive Health products such as probiotics, fiber, or oral rehydration options. This does not replace professional advice.",true
Can you recommend a product category for what can i browse for fiber or probiotics,digestive_support,Digestive Health,"You may want to browse Digestive Health products such as probiotics, fiber, or oral rehydration options. This does not replace professional advice.",true
I need digestive health products for a travel kit such as Sensitive Stomach Tea,digestive_support,Digestive Health,"You may want to browse Digestive Health products such as probiotics, fiber, or oral rehydration options. This does not replace professional advice.",true
Suggest a category for mild after-meal comfort such as Digestive Wellness Kit,digestive_support,Digestive Health,"You may want to browse Digestive Health products such as probiotics, fiber, or oral rehydration options. This does not replace professional advice.",true
I want general digestive comfort products such as Daily Probiotic Capsules,digestive_support,Digestive Health,"You may want to browse Digestive Health products such as probiotics, fiber, or oral rehydration options. This does not replace professional advice.",true
Show options for hydration and stomach wellness,digestive_support,Digestive Health,"You may want to browse Digestive Health products such as probiotics, fiber, or oral rehydration options. This does not replace professional advice.",true
What can I browse for fiber or probiotics,digestive_support,Digestive Health,"You may want to browse Digestive Health products such as probiotics, fiber, or oral rehydration options. This does not replace professional advice.",true
I need digestive health products for a travel kit such as Digestive Enzyme Tablets,digestive_support,Digestive Health,"You may want to browse Digestive Health products such as probiotics, fiber, or oral rehydration options. This does not replace professional advice.",true
Suggest a category for mild after-meal comfort,digestive_support,Digestive Health,"You may want to browse Digestive Health products such as probiotics, fiber, or oral rehydration options. This does not replace professional advice.",true
I want general digestive comfort products,digestive_support,Digestive Health,"You may want to browse Digestive Health products such as probiotics, fiber, or oral rehydration options. This does not replace professional advice.",true
Show options for hydration and stomach wellness such as Prebiotic Fiber Gummies,digestive_support,Digestive Health,"You may want to browse Digestive Health products such as probiotics, fiber, or oral rehydration options. This does not replace professional advice.",true
What can I browse for fiber or probiotics,digestive_support,Digestive Health,"You may want to browse Digestive Health products such as probiotics, fiber, or oral rehydration options. This does not replace professional advice.",true
I need digestive health products for a travel kit such as Sensitive Stomach Tea,digestive_support,Digestive Health,"You may want to browse Digestive Health products such as probiotics, fiber, or oral rehydration options. This does not replace professional advice.",true
Suggest a category for mild after-meal comfort such as Digestive Wellness Kit,digestive_support,Digestive Health,"You may want to browse Digestive Health products such as probiotics, fiber, or oral rehydration options. This does not replace professional advice.",true
Can you recommend a product category for i want general digestive comfort products,digestive_support,Digestive Health,"You may want to browse Digestive Health products such as probiotics, fiber, or oral rehydration options. This does not replace professional advice.",true
Show options for hydration and stomach wellness such as Fiber Blend Powder,digestive_support,Digestive Health,"You may want to browse Digestive Health products such as probiotics, fiber, or oral rehydration options. This does not replace professional advice.",true
What can I browse for fiber or probiotics,digestive_support,Digestive Health,"You may want to browse Digestive Health products such as probiotics, fiber, or oral rehydration options. This does not replace professional advice.",true
Can you recommend a product category for i need digestive health products for a travel kit,digestive_support,Digestive Health,"You may want to browse Digestive Health products such as probiotics, fiber, or oral rehydration options. This does not replace professional advice.",true
Suggest a category for mild after-meal comfort such as Peppermint Comfort Tea,digestive_support,Digestive Health,"You may want to browse Digestive Health products such as probiotics, fiber, or oral rehydration options. This does not replace professional advice.",true
Can you recommend a product category for i want general digestive comfort products,digestive_support,Digestive Health,"You may want to browse Digestive Health products such as probiotics, fiber, or oral rehydration options. This does not replace professional advice.",true
Show options for hydration and stomach wellness,digestive_support,Digestive Health,"You may want to browse Digestive Health products such as probiotics, fiber, or oral rehydration options. This does not replace professional advice.",true
What can I browse for fiber or probiotics such as Hydration Ready Drink,digestive_support,Digestive Health,"You may want to browse Digestive Health products such as probiotics, fiber, or oral rehydration options. This does not replace professional advice.",true
I need digestive health products for a travel kit,digestive_support,Digestive Health,"You may want to browse Digestive Health products such as probiotics, fiber, or oral rehydration options. This does not replace professional advice.",true
Can you recommend a product category for suggest a category for mild after-meal comfort,digestive_support,Digestive Health,"You may want to browse Digestive Health products such as probiotics, fiber, or oral rehydration options. This does not replace professional advice.",true
I want general digestive comfort products such as Daily Probiotic Capsules,digestive_support,Digestive Health,"You may want to browse Digestive Health products such as probiotics, fiber, or oral rehydration options. This does not replace professional advice.",true
Can you recommend a product category for show options for hydration and stomach wellness,digestive_support,Digestive Health,"You may want to browse Digestive Health products such as probiotics, fiber, or oral rehydration options. This does not replace professional advice.",true
Can you recommend a product category for what can i browse for fiber or probiotics,digestive_support,Digestive Health,"You may want to browse Digestive Health products such as probiotics, fiber, or oral rehydration options. This does not replace professional advice.",true
I need digestive health products for a travel kit such as Digestive Enzyme Tablets,digestive_support,Digestive Health,"You may want to browse Digestive Health products such as probiotics, fiber, or oral rehydration options. This does not replace professional advice.",true
Can you recommend a product category for suggest a category for mild after-meal comfort,digestive_support,Digestive Health,"You may want to browse Digestive Health products such as probiotics, fiber, or oral rehydration options. This does not replace professional advice.",true
I want general digestive comfort products,digestive_support,Digestive Health,"You may want to browse Digestive Health products such as probiotics, fiber, or oral rehydration options. This does not replace professional advice.",true
Can you recommend a product category for show options for hydration and stomach wellness,digestive_support,Digestive Health,"You may want to browse Digestive Health products such as probiotics, fiber, or oral rehydration options. This does not replace professional advice.",true
What can I browse for fiber or probiotics,digestive_support,Digestive Health,"You may want to browse Digestive Health products such as probiotics, fiber, or oral rehydration options. This does not replace professional advice.",true
I need digestive health products for a travel kit,digestive_support,Digestive Health,"You may want to browse Digestive Health products such as probiotics, fiber, or oral rehydration options. This does not replace professional advice.",true
Can you recommend a product category for suggest a category for mild after-meal comfort,digestive_support,Digestive Health,"You may want to browse Digestive Health products such as probiotics, fiber, or oral rehydration options. This does not replace professional advice.",true
I want vitamins for a daily supplement routine,vitamin_advice,Vitamins & Minerals,You may want to browse Vitamins & Minerals products for general supplement routines. Check labels and ask a pharmacist or doctor when unsure.,true
Show general wellness supplements such as Daily Multivitamin Tablets,vitamin_advice,Vitamins & Minerals,You may want to browse Vitamins & Minerals products for general supplement routines. Check labels and ask a pharmacist or doctor when unsure.,true
Which vitamin category should I browse,vitamin_advice,Vitamins & Minerals,You may want to browse Vitamins & Minerals products for general supplement routines. Check labels and ask a pharmacist or doctor when unsure.,true
I need mineral supplement options,vitamin_advice,Vitamins & Minerals,You may want to browse Vitamins & Minerals products for general supplement routines. Check labels and ask a pharmacist or doctor when unsure.,true
What can I buy for everyday supplement support,vitamin_advice,Vitamins & Minerals,You may want to browse Vitamins & Minerals products for general supplement routines. Check labels and ask a pharmacist or doctor when unsure.,true
I want vitamins for a daily supplement routine such as Iron Support Tablets,vitamin_advice,Vitamins & Minerals,You may want to browse Vitamins & Minerals products for general supplement routines. Check labels and ask a pharmacist or doctor when unsure.,true
Show general wellness supplements such as Zinc Wellness Lozenges,vitamin_advice,Vitamins & Minerals,You may want to browse Vitamins & Minerals products for general supplement routines. Check labels and ask a pharmacist or doctor when unsure.,true
Which vitamin category should I browse such as B-Complex Tablets,vitamin_advice,Vitamins & Minerals,You may want to browse Vitamins & Minerals products for general supplement routines. Check labels and ask a pharmacist or doctor when unsure.,true
Can you recommend a product category for i need mineral supplement options,vitamin_advice,Vitamins & Minerals,You may want to browse Vitamins & Minerals products for general supplement routines. Check labels and ask a pharmacist or doctor when unsure.,true
What can I buy for everyday supplement support such as Omega-3 Softgels,vitamin_advice,Vitamins & Minerals,You may want to browse Vitamins & Minerals products for general supplement routines. Check labels and ask a pharmacist or doctor when unsure.,true
I want vitamins for a daily supplement routine,vitamin_advice,Vitamins & Minerals,You may want to browse Vitamins & Minerals products for general supplement routines. Check labels and ask a pharmacist or doctor when unsure.,true
Show general wellness supplements such as Daily Multivitamin Tablets,vitamin_advice,Vitamins & Minerals,You may want to browse Vitamins & Minerals products for general supplement routines. Check labels and ask a pharmacist or doctor when unsure.,true
Which vitamin category should I browse such as Vitamin D3 Softgels,vitamin_advice,Vitamins & Minerals,You may want to browse Vitamins & Minerals products for general supplement routines. Check labels and ask a pharmacist or doctor when unsure.,true
I need mineral supplement options,vitamin_advice,Vitamins & Minerals,You may want to browse Vitamins & Minerals products for general supplement routines. Check labels and ask a pharmacist or doctor when unsure.,true
Can you recommend a product category for what can i buy for everyday supplement support,vitamin_advice,Vitamins & Minerals,You may want to browse Vitamins & Minerals products for general supplement routines. Check labels and ask a pharmacist or doctor when unsure.,true
I want vitamins for a daily supplement routine such as Iron Support Tablets,vitamin_advice,Vitamins & Minerals,You may want to browse Vitamins & Minerals products for general supplement routines. Check labels and ask a pharmacist or doctor when unsure.,true
Can you recommend a product category for show general wellness supplements,vitamin_advice,Vitamins & Minerals,You may want to browse Vitamins & Minerals products for general supplement routines. Check labels and ask a pharmacist or doctor when unsure.,true
Can you recommend a product category for which vitamin category should i browse,vitamin_advice,Vitamins & Minerals,You may want to browse Vitamins & Minerals products for general supplement routines. Check labels and ask a pharmacist or doctor when unsure.,true
Can you recommend a product category for i need mineral supplement options,vitamin_advice,Vitamins & Minerals,You may want to browse Vitamins & Minerals products for general supplement routines. Check labels and ask a pharmacist or doctor when unsure.,true
What can I buy for everyday supplement support,vitamin_advice,Vitamins & Minerals,You may want to browse Vitamins & Minerals products for general supplement routines. Check labels and ask a pharmacist or doctor when unsure.,true
Can you recommend a product category for i want vitamins for a daily supplement routine,vitamin_advice,Vitamins & Minerals,You may want to browse Vitamins & Minerals products for general supplement routines. Check labels and ask a pharmacist or doctor when unsure.,true
Can you recommend a product category for show general wellness supplements,vitamin_advice,Vitamins & Minerals,You may want to browse Vitamins & Minerals products for general supplement routines. Check labels and ask a pharmacist or doctor when unsure.,true
Which vitamin category should I browse,vitamin_advice,Vitamins & Minerals,You may want to browse Vitamins & Minerals products for general supplement routines. Check labels and ask a pharmacist or doctor when unsure.,true
Can you recommend a product category for i need mineral supplement options,vitamin_advice,Vitamins & Minerals,You may want to browse Vitamins & Minerals products for general supplement routines. Check labels and ask a pharmacist or doctor when unsure.,true
Can you recommend a product category for what can i buy for everyday supplement support,vitamin_advice,Vitamins & Minerals,You may want to browse Vitamins & Minerals products for general supplement routines. Check labels and ask a pharmacist or doctor when unsure.,true
I want vitamins for a daily supplement routine,vitamin_advice,Vitamins & Minerals,You may want to browse Vitamins & Minerals products for general supplement routines. Check labels and ask a pharmacist or doctor when unsure.,true
Show general wellness supplements,vitamin_advice,Vitamins & Minerals,You may want to browse Vitamins & Minerals products for general supplement routines. Check labels and ask a pharmacist or doctor when unsure.,true
Which vitamin category should I browse such as B-Complex Tablets,vitamin_advice,Vitamins & Minerals,You may want to browse Vitamins & Minerals products for general supplement routines. Check labels and ask a pharmacist or doctor when unsure.,true
I need mineral supplement options such as Kids Multivitamin Gummies,vitamin_advice,Vitamins & Minerals,You may want to browse Vitamins & Minerals products for general supplement routines. Check labels and ask a pharmacist or doctor when unsure.,true
What can I buy for everyday supplement support such as Omega-3 Softgels,vitamin_advice,Vitamins & Minerals,You may want to browse Vitamins & Minerals products for general supplement routines. Check labels and ask a pharmacist or doctor when unsure.,true
Can you recommend a product category for i want vitamins for a daily supplement routine,vitamin_advice,Vitamins & Minerals,You may want to browse Vitamins & Minerals products for general supplement routines. Check labels and ask a pharmacist or doctor when unsure.,true
Can you recommend a product category for show general wellness supplements,vitamin_advice,Vitamins & Minerals,You may want to browse Vitamins & Minerals products for general supplement routines. Check labels and ask a pharmacist or doctor when unsure.,true
Can you recommend a product category for which vitamin category should i browse,vitamin_advice,Vitamins & Minerals,You may want to browse Vitamins & Minerals products for general supplement routines. Check labels and ask a pharmacist or doctor when unsure.,true
I need mineral supplement options,vitamin_advice,Vitamins & Minerals,You may want to browse Vitamins & Minerals products for general supplement routines. Check labels and ask a pharmacist or doctor when unsure.,true
Can you recommend a product category for what can i buy for everyday supplement support,vitamin_advice,Vitamins & Minerals,You may want to browse Vitamins & Minerals products for general supplement routines. Check labels and ask a pharmacist or doctor when unsure.,true
I want vitamins for a daily supplement routine such as Iron Support Tablets,vitamin_advice,Vitamins & Minerals,You may want to browse Vitamins & Minerals products for general supplement routines. Check labels and ask a pharmacist or doctor when unsure.,true
Show general wellness supplements,vitamin_advice,Vitamins & Minerals,You may want to browse Vitamins & Minerals products for general supplement routines. Check labels and ask a pharmacist or doctor when unsure.,true
Which vitamin category should I browse,vitamin_advice,Vitamins & Minerals,You may want to browse Vitamins & Minerals products for general supplement routines. Check labels and ask a pharmacist or doctor when unsure.,true
I need mineral supplement options,vitamin_advice,Vitamins & Minerals,You may want to browse Vitamins & Minerals products for general supplement routines. Check labels and ask a pharmacist or doctor when unsure.,true
What can I buy for everyday supplement support such as Omega-3 Softgels,vitamin_advice,Vitamins & Minerals,You may want to browse Vitamins & Minerals products for general supplement routines. Check labels and ask a pharmacist or doctor when unsure.,true
I want vitamins for a daily supplement routine such as Vitamin C Chewables,vitamin_advice,Vitamins & Minerals,You may want to browse Vitamins & Minerals products for general supplement routines. Check labels and ask a pharmacist or doctor when unsure.,true
Show general wellness supplements such as Daily Multivitamin Tablets,vitamin_advice,Vitamins & Minerals,You may want to browse Vitamins & Minerals products for general supplement routines. Check labels and ask a pharmacist or doctor when unsure.,true
Which vitamin category should I browse,vitamin_advice,Vitamins & Minerals,You may want to browse Vitamins & Minerals products for general supplement routines. Check labels and ask a pharmacist or doctor when unsure.,true
I need mineral supplement options,vitamin_advice,Vitamins & Minerals,You may want to browse Vitamins & Minerals products for general supplement routines. Check labels and ask a pharmacist or doctor when unsure.,true
Can you recommend a product category for what can i buy for everyday supplement support,vitamin_advice,Vitamins & Minerals,You may want to browse Vitamins & Minerals products for general supplement routines. Check labels and ask a pharmacist or doctor when unsure.,true
Can you recommend a product category for i want vitamins for a daily supplement routine,vitamin_advice,Vitamins & Minerals,You may want to browse Vitamins & Minerals products for general supplement routines. Check labels and ask a pharmacist or doctor when unsure.,true
Show general wellness supplements such as Zinc Wellness Lozenges,vitamin_advice,Vitamins & Minerals,You may want to browse Vitamins & Minerals products for general supplement routines. Check labels and ask a pharmacist or doctor when unsure.,true
Which vitamin category should I browse,vitamin_advice,Vitamins & Minerals,You may want to browse Vitamins & Minerals products for general supplement routines. Check labels and ask a pharmacist or doctor when unsure.,true
Can you recommend a product category for i need mineral supplement options,vitamin_advice,Vitamins & Minerals,You may want to browse Vitamins & Minerals products for general supplement routines. Check labels and ask a pharmacist or doctor when unsure.,true
What can I buy for everyday supplement support such as Omega-3 Softgels,vitamin_advice,Vitamins & Minerals,You may want to browse Vitamins & Minerals products for general supplement routines. Check labels and ask a pharmacist or doctor when unsure.,true
I want vitamins for a daily supplement routine such as Vitamin C Chewables,vitamin_advice,Vitamins & Minerals,You may want to browse Vitamins & Minerals products for general supplement routines. Check labels and ask a pharmacist or doctor when unsure.,true
Can you recommend a product category for show general wellness supplements,vitamin_advice,Vitamins & Minerals,You may want to browse Vitamins & Minerals products for general supplement routines. Check labels and ask a pharmacist or doctor when unsure.,true
Which vitamin category should I browse such as Vitamin D3 Softgels,vitamin_advice,Vitamins & Minerals,You may want to browse Vitamins & Minerals products for general supplement routines. Check labels and ask a pharmacist or doctor when unsure.,true
I need mineral supplement options,vitamin_advice,Vitamins & Minerals,You may want to browse Vitamins & Minerals products for general supplement routines. Check labels and ask a pharmacist or doctor when unsure.,true
What can I buy for everyday supplement support such as Magnesium Capsules,vitamin_advice,Vitamins & Minerals,You may want to browse Vitamins & Minerals products for general supplement routines. Check labels and ask a pharmacist or doctor when unsure.,true
I want vitamins for a daily supplement routine,vitamin_advice,Vitamins & Minerals,You may want to browse Vitamins & Minerals products for general supplement routines. Check labels and ask a pharmacist or doctor when unsure.,true
Show general wellness supplements,vitamin_advice,Vitamins & Minerals,You may want to browse Vitamins & Minerals products for general supplement routines. Check labels and ask a pharmacist or doctor when unsure.,true
Can you recommend a product category for which vitamin category should i browse,vitamin_advice,Vitamins & Minerals,You may want to browse Vitamins & Minerals products for general supplement routines. Check labels and ask a pharmacist or doctor when unsure.,true
Can you recommend a product category for i need mineral supplement options,vitamin_advice,Vitamins & Minerals,You may want to browse Vitamins & Minerals products for general supplement routines. Check labels and ask a pharmacist or doctor when unsure.,true
Can you recommend a product category for what can i buy for everyday supplement support,vitamin_advice,Vitamins & Minerals,You may want to browse Vitamins & Minerals products for general supplement routines. Check labels and ask a pharmacist or doctor when unsure.,true
I want vitamins for a daily supplement routine such as Vitamin C Chewables,vitamin_advice,Vitamins & Minerals,You may want to browse Vitamins & Minerals products for general supplement routines. Check labels and ask a pharmacist or doctor when unsure.,true
Can you recommend a product category for show general wellness supplements,vitamin_advice,Vitamins & Minerals,You may want to browse Vitamins & Minerals products for general supplement routines. Check labels and ask a pharmacist or doctor when unsure.,true
Can you recommend a product category for which vitamin category should i browse,vitamin_advice,Vitamins & Minerals,You may want to browse Vitamins & Minerals products for general supplement routines. Check labels and ask a pharmacist or doctor when unsure.,true
I need mineral supplement options such as Calcium Plus Tablets,vitamin_advice,Vitamins & Minerals,You may want to browse Vitamins & Minerals products for general supplement routines. Check labels and ask a pharmacist or doctor when unsure.,true
Can you recommend a product category for what can i buy for everyday supplement support,vitamin_advice,Vitamins & Minerals,You may want to browse Vitamins & Minerals products for general supplement routines. Check labels and ask a pharmacist or doctor when unsure.,true
I want vitamins for a daily supplement routine such as Iron Support Tablets,vitamin_advice,Vitamins & Minerals,You may want to browse Vitamins & Minerals products for general supplement routines. Check labels and ask a pharmacist or doctor when unsure.,true
Show general wellness supplements such as Zinc Wellness Lozenges,vitamin_advice,Vitamins & Minerals,You may want to browse Vitamins & Minerals products for general supplement routines. Check labels and ask a pharmacist or doctor when unsure.,true
Which vitamin category should I browse,vitamin_advice,Vitamins & Minerals,You may want to browse Vitamins & Minerals products for general supplement routines. Check labels and ask a pharmacist or doctor when unsure.,true
I need mineral supplement options,vitamin_advice,Vitamins & Minerals,You may want to browse Vitamins & Minerals products for general supplement routines. Check labels and ask a pharmacist or doctor when unsure.,true
Can you recommend a product category for what can i buy for everyday supplement support,vitamin_advice,Vitamins & Minerals,You may want to browse Vitamins & Minerals products for general supplement routines. Check labels and ask a pharmacist or doctor when unsure.,true
I need skincare products for daily moisturizing such as Daily Moisturizing Cream,skincare_support,Skincare,"You may want to browse Skincare products such as cleansers, moisturizers, sunscreen, or gentle lotions. This is general product guidance only.",true
Show sunscreen and gentle cleanser options,skincare_support,Skincare,"You may want to browse Skincare products such as cleansers, moisturizers, sunscreen, or gentle lotions. This is general product guidance only.",true
What skincare category helps with dry skin care,skincare_support,Skincare,"You may want to browse Skincare products such as cleansers, moisturizers, sunscreen, or gentle lotions. This is general product guidance only.",true
I want a simple face care routine,skincare_support,Skincare,"You may want to browse Skincare products such as cleansers, moisturizers, sunscreen, or gentle lotions. This is general product guidance only.",true
Suggest skin comfort products,skincare_support,Skincare,"You may want to browse Skincare products such as cleansers, moisturizers, sunscreen, or gentle lotions. This is general product guidance only.",true
Can you recommend a product category for i need skincare products for daily moisturizing,skincare_support,Skincare,"You may want to browse Skincare products such as cleansers, moisturizers, sunscreen, or gentle lotions. This is general product guidance only.",true
Show sunscreen and gentle cleanser options,skincare_support,Skincare,"You may want to browse Skincare products such as cleansers, moisturizers, sunscreen, or gentle lotions. This is general product guidance only.",true
Can you recommend a product category for what skincare category helps with dry skin care,skincare_support,Skincare,"You may want to browse Skincare products such as cleansers, moisturizers, sunscreen, or gentle lotions. This is general product guidance only.",true
I want a simple face care routine such as Hand Repair Balm,skincare_support,Skincare,"You may want to browse Skincare products such as cleansers, moisturizers, sunscreen, or gentle lotions. This is general product guidance only.",true
Can you recommend a product category for suggest skin comfort products,skincare_support,Skincare,"You may want to browse Skincare products such as cleansers, moisturizers, sunscreen, or gentle lotions. This is general product guidance only.",true
I need skincare products for daily moisturizing,skincare_support,Skincare,"You may want to browse Skincare products such as cleansers, moisturizers, sunscreen, or gentle lotions. This is general product guidance only.",true
Show sunscreen and gentle cleanser options such as Gentle Facial Cleanser,skincare_support,Skincare,"You may want to browse Skincare products such as cleansers, moisturizers, sunscreen, or gentle lotions. This is general product guidance only.",true
What skincare category helps with dry skin care such as SPF 50 Sunscreen Lotion,skincare_support,Skincare,"You may want to browse Skincare products such as cleansers, moisturizers, sunscreen, or gentle lotions. This is general product guidance only.",true
Can you recommend a product category for i want a simple face care routine,skincare_support,Skincare,"You may want to browse Skincare products such as cleansers, moisturizers, sunscreen, or gentle lotions. This is general product guidance only.",true
Suggest skin comfort products such as Lip Balm SPF,skincare_support,Skincare,"You may want to browse Skincare products such as cleansers, moisturizers, sunscreen, or gentle lotions. This is general product guidance only.",true
Can you recommend a product category for i need skincare products for daily moisturizing,skincare_support,Skincare,"You may want to browse Skincare products such as cleansers, moisturizers, sunscreen, or gentle lotions. This is general product guidance only.",true
Show sunscreen and gentle cleanser options such as Hydrating Face Mist,skincare_support,Skincare,"You may want to browse Skincare products such as cleansers, moisturizers, sunscreen, or gentle lotions. This is general product guidance only.",true
Can you recommend a product category for what skincare category helps with dry skin care,skincare_support,Skincare,"You may want to browse Skincare products such as cleansers, moisturizers, sunscreen, or gentle lotions. This is general product guidance only.",true
I want a simple face care routine,skincare_support,Skincare,"You may want to browse Skincare products such as cleansers, moisturizers, sunscreen, or gentle lotions. This is general product guidance only.",true
Can you recommend a product category for suggest skin comfort products,skincare_support,Skincare,"You may want to browse Skincare products such as cleansers, moisturizers, sunscreen, or gentle lotions. This is general product guidance only.",true
Can you recommend a product category for i need skincare products for daily moisturizing,skincare_support,Skincare,"You may want to browse Skincare products such as cleansers, moisturizers, sunscreen, or gentle lotions. This is general product guidance only.",true
Show sunscreen and gentle cleanser options,skincare_support,Skincare,"You may want to browse Skincare products such as cleansers, moisturizers, sunscreen, or gentle lotions. This is general product guidance only.",true
Can you recommend a product category for what skincare category helps with dry skin care,skincare_support,Skincare,"You may want to browse Skincare products such as cleansers, moisturizers, sunscreen, or gentle lotions. This is general product guidance only.",true
Can you recommend a product category for i want a simple face care routine,skincare_support,Skincare,"You may want to browse Skincare products such as cleansers, moisturizers, sunscreen, or gentle lotions. This is general product guidance only.",true
Suggest skin comfort products such as Lip Balm SPF,skincare_support,Skincare,"You may want to browse Skincare products such as cleansers, moisturizers, sunscreen, or gentle lotions. This is general product guidance only.",true
Can you recommend a product category for i need skincare products for daily moisturizing,skincare_support,Skincare,"You may want to browse Skincare products such as cleansers, moisturizers, sunscreen, or gentle lotions. This is general product guidance only.",true
Show sunscreen and gentle cleanser options such as Hydrating Face Mist,skincare_support,Skincare,"You may want to browse Skincare products such as cleansers, moisturizers, sunscreen, or gentle lotions. This is general product guidance only.",true
What skincare category helps with dry skin care,skincare_support,Skincare,"You may want to browse Skincare products such as cleansers, moisturizers, sunscreen, or gentle lotions. This is general product guidance only.",true
I want a simple face care routine such as Hand Repair Balm,skincare_support,Skincare,"You may want to browse Skincare products such as cleansers, moisturizers, sunscreen, or gentle lotions. This is general product guidance only.",true
Suggest skin comfort products such as Skincare Travel Set,skincare_support,Skincare,"You may want to browse Skincare products such as cleansers, moisturizers, sunscreen, or gentle lotions. This is general product guidance only.",true
I need skincare products for daily moisturizing,skincare_support,Skincare,"You may want to browse Skincare products such as cleansers, moisturizers, sunscreen, or gentle lotions. This is general product guidance only.",true
Show sunscreen and gentle cleanser options such as Gentle Facial Cleanser,skincare_support,Skincare,"You may want to browse Skincare products such as cleansers, moisturizers, sunscreen, or gentle lotions. This is general product guidance only.",true
What skincare category helps with dry skin care,skincare_support,Skincare,"You may want to browse Skincare products such as cleansers, moisturizers, sunscreen, or gentle lotions. This is general product guidance only.",true
Can you recommend a product category for i want a simple face care routine,skincare_support,Skincare,"You may want to browse Skincare products such as cleansers, moisturizers, sunscreen, or gentle lotions. This is general product guidance only.",true
Can you recommend a product category for suggest skin comfort products,skincare_support,Skincare,"You may want to browse Skincare products such as cleansers, moisturizers, sunscreen, or gentle lotions. This is general product guidance only.",true
I need skincare products for daily moisturizing such as Sensitive Skin Lotion,skincare_support,Skincare,"You may want to browse Skincare products such as cleansers, moisturizers, sunscreen, or gentle lotions. This is general product guidance only.",true
Can you recommend a product category for show sunscreen and gentle cleanser options,skincare_support,Skincare,"You may want to browse Skincare products such as cleansers, moisturizers, sunscreen, or gentle lotions. This is general product guidance only.",true
What skincare category helps with dry skin care,skincare_support,Skincare,"You may want to browse Skincare products such as cleansers, moisturizers, sunscreen, or gentle lotions. This is general product guidance only.",true
Can you recommend a product category for i want a simple face care routine,skincare_support,Skincare,"You may want to browse Skincare products such as cleansers, moisturizers, sunscreen, or gentle lotions. This is general product guidance only.",true
Suggest skin comfort products,skincare_support,Skincare,"You may want to browse Skincare products such as cleansers, moisturizers, sunscreen, or gentle lotions. This is general product guidance only.",true
Can you recommend a product category for i need skincare products for daily moisturizing,skincare_support,Skincare,"You may want to browse Skincare products such as cleansers, moisturizers, sunscreen, or gentle lotions. This is general product guidance only.",true
Show sunscreen and gentle cleanser options such as Gentle Facial Cleanser,skincare_support,Skincare,"You may want to browse Skincare products such as cleansers, moisturizers, sunscreen, or gentle lotions. This is general product guidance only.",true
Can you recommend a product category for what skincare category helps with dry skin care,skincare_support,Skincare,"You may want to browse Skincare products such as cleansers, moisturizers, sunscreen, or gentle lotions. This is general product guidance only.",true
Can you recommend a product category for i want a simple face care routine,skincare_support,Skincare,"You may want to browse Skincare products such as cleansers, moisturizers, sunscreen, or gentle lotions. This is general product guidance only.",true
Can you recommend a product category for suggest skin comfort products,skincare_support,Skincare,"You may want to browse Skincare products such as cleansers, moisturizers, sunscreen, or gentle lotions. This is general product guidance only.",true
I need skincare products for daily moisturizing,skincare_support,Skincare,"You may want to browse Skincare products such as cleansers, moisturizers, sunscreen, or gentle lotions. This is general product guidance only.",true
Show sunscreen and gentle cleanser options,skincare_support,Skincare,"You may want to browse Skincare products such as cleansers, moisturizers, sunscreen, or gentle lotions. This is general product guidance only.",true
What skincare category helps with dry skin care such as Barrier Repair Cream,skincare_support,Skincare,"You may want to browse Skincare products such as cleansers, moisturizers, sunscreen, or gentle lotions. This is general product guidance only.",true
I want a simple face care routine,skincare_support,Skincare,"You may want to browse Skincare products such as cleansers, moisturizers, sunscreen, or gentle lotions. This is general product guidance only.",true
Can you recommend a product category for suggest skin comfort products,skincare_support,Skincare,"You may want to browse Skincare products such as cleansers, moisturizers, sunscreen, or gentle lotions. This is general product guidance only.",true
Can you recommend a product category for i need skincare products for daily moisturizing,skincare_support,Skincare,"You may want to browse Skincare products such as cleansers, moisturizers, sunscreen, or gentle lotions. This is general product guidance only.",true
Show sunscreen and gentle cleanser options,skincare_support,Skincare,"You may want to browse Skincare products such as cleansers, moisturizers, sunscreen, or gentle lotions. This is general product guidance only.",true
Can you recommend a product category for what skincare category helps with dry skin care,skincare_support,Skincare,"You may want to browse Skincare products such as cleansers, moisturizers, sunscreen, or gentle lotions. This is general product guidance only.",true
I want a simple face care routine such as Aloe Vera Gel,skincare_support,Skincare,"You may want to browse Skincare products such as cleansers, moisturizers, sunscreen, or gentle lotions. This is general product guidance only.",true
Suggest skin comfort products such as Lip Balm SPF,skincare_support,Skincare,"You may want to browse Skincare products such as cleansers, moisturizers, sunscreen, or gentle lotions. This is general product guidance only.",true
I need skincare products for daily moisturizing,skincare_support,Skincare,"You may want to browse Skincare products such as cleansers, moisturizers, sunscreen, or gentle lotions. This is general product guidance only.",true
Show sunscreen and gentle cleanser options,skincare_support,Skincare,"You may want to browse Skincare products such as cleansers, moisturizers, sunscreen, or gentle lotions. This is general product guidance only.",true
What skincare category helps with dry skin care such as Barrier Repair Cream,skincare_support,Skincare,"You may want to browse Skincare products such as cleansers, moisturizers, sunscreen, or gentle lotions. This is general product guidance only.",true
I want a simple face care routine such as Hand Repair Balm,skincare_support,Skincare,"You may want to browse Skincare products such as cleansers, moisturizers, sunscreen, or gentle lotions. This is general product guidance only.",true
Suggest skin comfort products,skincare_support,Skincare,"You may want to browse Skincare products such as cleansers, moisturizers, sunscreen, or gentle lotions. This is general product guidance only.",true
I need skincare products for daily moisturizing,skincare_support,Skincare,"You may want to browse Skincare products such as cleansers, moisturizers, sunscreen, or gentle lotions. This is general product guidance only.",true
Show sunscreen and gentle cleanser options,skincare_support,Skincare,"You may want to browse Skincare products such as cleansers, moisturizers, sunscreen, or gentle lotions. This is general product guidance only.",true
Can you recommend a product category for what skincare category helps with dry skin care,skincare_support,Skincare,"You may want to browse Skincare products such as cleansers, moisturizers, sunscreen, or gentle lotions. This is general product guidance only.",true
I want a simple face care routine,skincare_support,Skincare,"You may want to browse Skincare products such as cleansers, moisturizers, sunscreen, or gentle lotions. This is general product guidance only.",true
Suggest skin comfort products,skincare_support,Skincare,"You may want to browse Skincare products such as cleansers, moisturizers, sunscreen, or gentle lotions. This is general product guidance only.",true
Can you recommend a product category for i need skincare products for daily moisturizing,skincare_support,Skincare,"You may want to browse Skincare products such as cleansers, moisturizers, sunscreen, or gentle lotions. This is general product guidance only.",true
Show sunscreen and gentle cleanser options such as Hydrating Face Mist,skincare_support,Skincare,"You may want to browse Skincare products such as cleansers, moisturizers, sunscreen, or gentle lotions. This is general product guidance only.",true
What skincare category helps with dry skin care,skincare_support,Skincare,"You may want to browse Skincare products such as cleansers, moisturizers, sunscreen, or gentle lotions. This is general product guidance only.",true
Can you recommend a product category for i want a simple face care routine,skincare_support,Skincare,"You may want to browse Skincare products such as cleansers, moisturizers, sunscreen, or gentle lotions. This is general product guidance only.",true
Suggest skin comfort products,skincare_support,Skincare,"You may want to browse Skincare products such as cleansers, moisturizers, sunscreen, or gentle lotions. This is general product guidance only.",true
I need toothpaste and floss,oral_care_support,Oral Care,"You may want to browse Oral Care products such as toothpaste, floss, mouthwash, or toothbrushes for daily hygiene.",true
Can you recommend a product category for show oral hygiene products,oral_care_support,Oral Care,"You may want to browse Oral Care products such as toothpaste, floss, mouthwash, or toothbrushes for daily hygiene.",true
What should I browse for mouth care such as Alcohol-Free Mouthwash,oral_care_support,Oral Care,"You may want to browse Oral Care products such as toothpaste, floss, mouthwash, or toothbrushes for daily hygiene.",true
Can you recommend a product category for i want a toothbrush and mouthwash,oral_care_support,Oral Care,"You may want to browse Oral Care products such as toothpaste, floss, mouthwash, or toothbrushes for daily hygiene.",true
Suggest oral care travel products,oral_care_support,Oral Care,"You may want to browse Oral Care products such as toothpaste, floss, mouthwash, or toothbrushes for daily hygiene.",true
I need toothpaste and floss such as Tongue Cleaner,oral_care_support,Oral Care,"You may want to browse Oral Care products such as toothpaste, floss, mouthwash, or toothbrushes for daily hygiene.",true
Can you recommend a product category for show oral hygiene products,oral_care_support,Oral Care,"You may want to browse Oral Care products such as toothpaste, floss, mouthwash, or toothbrushes for daily hygiene.",true
Can you recommend a product category for what should i browse for mouth care,oral_care_support,Oral Care,"You may want to browse Oral Care products such as toothpaste, floss, mouthwash, or toothbrushes for daily hygiene.",true
I want a toothbrush and mouthwash such as Denture Cleaning Tablets,oral_care_support,Oral Care,"You may want to browse Oral Care products such as toothpaste, floss, mouthwash, or toothbrushes for daily hygiene.",true
Suggest oral care travel products,oral_care_support,Oral Care,"You may want to browse Oral Care products such as toothpaste, floss, mouthwash, or toothbrushes for daily hygiene.",true
Can you recommend a product category for i need toothpaste and floss,oral_care_support,Oral Care,"You may want to browse Oral Care products such as toothpaste, floss, mouthwash, or toothbrushes for daily hygiene.",true
Can you recommend a product category for show oral hygiene products,oral_care_support,Oral Care,"You may want to browse Oral Care products such as toothpaste, floss, mouthwash, or toothbrushes for daily hygiene.",true
Can you recommend a product category for what should i browse for mouth care,oral_care_support,Oral Care,"You may want to browse Oral Care products such as toothpaste, floss, mouthwash, or toothbrushes for daily hygiene.",true
I want a toothbrush and mouthwash,oral_care_support,Oral Care,"You may want to browse Oral Care products such as toothpaste, floss, mouthwash, or toothbrushes for daily hygiene.",true
Can you recommend a product category for suggest oral care travel products,oral_care_support,Oral Care,"You may want to browse Oral Care products such as toothpaste, floss, mouthwash, or toothbrushes for daily hygiene.",true
I need toothpaste and floss such as Tongue Cleaner,oral_care_support,Oral Care,"You may want to browse Oral Care products such as toothpaste, floss, mouthwash, or toothbrushes for daily hygiene.",true
Show oral hygiene products such as Kids Toothpaste,oral_care_support,Oral Care,"You may want to browse Oral Care products such as toothpaste, floss, mouthwash, or toothbrushes for daily hygiene.",true
Can you recommend a product category for what should i browse for mouth care,oral_care_support,Oral Care,"You may want to browse Oral Care products such as toothpaste, floss, mouthwash, or toothbrushes for daily hygiene.",true
Can you recommend a product category for i want a toothbrush and mouthwash,oral_care_support,Oral Care,"You may want to browse Oral Care products such as toothpaste, floss, mouthwash, or toothbrushes for daily hygiene.",true
Suggest oral care travel products such as Oral Care Travel Kit,oral_care_support,Oral Care,"You may want to browse Oral Care products such as toothpaste, floss, mouthwash, or toothbrushes for daily hygiene.",true
I need toothpaste and floss such as Soft Toothbrush Duo,oral_care_support,Oral Care,"You may want to browse Oral Care products such as toothpaste, floss, mouthwash, or toothbrushes for daily hygiene.",true
Can you recommend a product category for show oral hygiene products,oral_care_support,Oral Care,"You may want to browse Oral Care products such as toothpaste, floss, mouthwash, or toothbrushes for daily hygiene.",true
What should I browse for mouth care such as Alcohol-Free Mouthwash,oral_care_support,Oral Care,"You may want to browse Oral Care products such as toothpaste, floss, mouthwash, or toothbrushes for daily hygiene.",true
I want a toothbrush and mouthwash,oral_care_support,Oral Care,"You may want to browse Oral Care products such as toothpaste, floss, mouthwash, or toothbrushes for daily hygiene.",true
Suggest oral care travel products,oral_care_support,Oral Care,"You may want to browse Oral Care products such as toothpaste, floss, mouthwash, or toothbrushes for daily hygiene.",true
I need toothpaste and floss,oral_care_support,Oral Care,"You may want to browse Oral Care products such as toothpaste, floss, mouthwash, or toothbrushes for daily hygiene.",true
Show oral hygiene products,oral_care_support,Oral Care,"You may want to browse Oral Care products such as toothpaste, floss, mouthwash, or toothbrushes for daily hygiene.",true
What should I browse for mouth care such as Orthodontic Wax,oral_care_support,Oral Care,"You may want to browse Oral Care products such as toothpaste, floss, mouthwash, or toothbrushes for daily hygiene.",true
I want a toothbrush and mouthwash,oral_care_support,Oral Care,"You may want to browse Oral Care products such as toothpaste, floss, mouthwash, or toothbrushes for daily hygiene.",true
Can you recommend a product category for suggest oral care travel products,oral_care_support,Oral Care,"You may want to browse Oral Care products such as toothpaste, floss, mouthwash, or toothbrushes for daily hygiene.",true
Can you recommend a product category for i need toothpaste and floss,oral_care_support,Oral Care,"You may want to browse Oral Care products such as toothpaste, floss, mouthwash, or toothbrushes for daily hygiene.",true
Show oral hygiene products,oral_care_support,Oral Care,"You may want to browse Oral Care products such as toothpaste, floss, mouthwash, or toothbrushes for daily hygiene.",true
Can you recommend a product category for what should i browse for mouth care,oral_care_support,Oral Care,"You may want to browse Oral Care products such as toothpaste, floss, mouthwash, or toothbrushes for daily hygiene.",true
I want a toothbrush and mouthwash,oral_care_support,Oral Care,"You may want to browse Oral Care products such as toothpaste, floss, mouthwash, or toothbrushes for daily hygiene.",true
Suggest oral care travel products,oral_care_support,Oral Care,"You may want to browse Oral Care products such as toothpaste, floss, mouthwash, or toothbrushes for daily hygiene.",true
I need toothpaste and floss,oral_care_support,Oral Care,"You may want to browse Oral Care products such as toothpaste, floss, mouthwash, or toothbrushes for daily hygiene.",true
Can you recommend a product category for show oral hygiene products,oral_care_support,Oral Care,"You may want to browse Oral Care products such as toothpaste, floss, mouthwash, or toothbrushes for daily hygiene.",true
Can you recommend a product category for what should i browse for mouth care,oral_care_support,Oral Care,"You may want to browse Oral Care products such as toothpaste, floss, mouthwash, or toothbrushes for daily hygiene.",true
I want a toothbrush and mouthwash,oral_care_support,Oral Care,"You may want to browse Oral Care products such as toothpaste, floss, mouthwash, or toothbrushes for daily hygiene.",true
Suggest oral care travel products,oral_care_support,Oral Care,"You may want to browse Oral Care products such as toothpaste, floss, mouthwash, or toothbrushes for daily hygiene.",true
I need toothpaste and floss,oral_care_support,Oral Care,"You may want to browse Oral Care products such as toothpaste, floss, mouthwash, or toothbrushes for daily hygiene.",true
Show oral hygiene products,oral_care_support,Oral Care,"You may want to browse Oral Care products such as toothpaste, floss, mouthwash, or toothbrushes for daily hygiene.",true
What should I browse for mouth care such as Alcohol-Free Mouthwash,oral_care_support,Oral Care,"You may want to browse Oral Care products such as toothpaste, floss, mouthwash, or toothbrushes for daily hygiene.",true
I want a toothbrush and mouthwash,oral_care_support,Oral Care,"You may want to browse Oral Care products such as toothpaste, floss, mouthwash, or toothbrushes for daily hygiene.",true
Can you recommend a product category for suggest oral care travel products,oral_care_support,Oral Care,"You may want to browse Oral Care products such as toothpaste, floss, mouthwash, or toothbrushes for daily hygiene.",true
I need toothpaste and floss,oral_care_support,Oral Care,"You may want to browse Oral Care products such as toothpaste, floss, mouthwash, or toothbrushes for daily hygiene.",true
Show oral hygiene products such as Kids Toothpaste,oral_care_support,Oral Care,"You may want to browse Oral Care products such as toothpaste, floss, mouthwash, or toothbrushes for daily hygiene.",true
Can you recommend a product category for what should i browse for mouth care,oral_care_support,Oral Care,"You may want to browse Oral Care products such as toothpaste, floss, mouthwash, or toothbrushes for daily hygiene.",true
I want a toothbrush and mouthwash such as Denture Cleaning Tablets,oral_care_support,Oral Care,"You may want to browse Oral Care products such as toothpaste, floss, mouthwash, or toothbrushes for daily hygiene.",true
Suggest oral care travel products,oral_care_support,Oral Care,"You may want to browse Oral Care products such as toothpaste, floss, mouthwash, or toothbrushes for daily hygiene.",true
Can you recommend a product category for i need toothpaste and floss,oral_care_support,Oral Care,"You may want to browse Oral Care products such as toothpaste, floss, mouthwash, or toothbrushes for daily hygiene.",true
Show oral hygiene products,oral_care_support,Oral Care,"You may want to browse Oral Care products such as toothpaste, floss, mouthwash, or toothbrushes for daily hygiene.",true
Can you recommend a product category for what should i browse for mouth care,oral_care_support,Oral Care,"You may want to browse Oral Care products such as toothpaste, floss, mouthwash, or toothbrushes for daily hygiene.",true
Can you recommend a product category for i want a toothbrush and mouthwash,oral_care_support,Oral Care,"You may want to browse Oral Care products such as toothpaste, floss, mouthwash, or toothbrushes for daily hygiene.",true
Can you recommend a product category for suggest oral care travel products,oral_care_support,Oral Care,"You may want to browse Oral Care products such as toothpaste, floss, mouthwash, or toothbrushes for daily hygiene.",true
I need toothpaste and floss such as Tongue Cleaner,oral_care_support,Oral Care,"You may want to browse Oral Care products such as toothpaste, floss, mouthwash, or toothbrushes for daily hygiene.",true
Show oral hygiene products,oral_care_support,Oral Care,"You may want to browse Oral Care products such as toothpaste, floss, mouthwash, or toothbrushes for daily hygiene.",true
What should I browse for mouth care such as Orthodontic Wax,oral_care_support,Oral Care,"You may want to browse Oral Care products such as toothpaste, floss, mouthwash, or toothbrushes for daily hygiene.",true
I want a toothbrush and mouthwash such as Denture Cleaning Tablets,oral_care_support,Oral Care,"You may want to browse Oral Care products such as toothpaste, floss, mouthwash, or toothbrushes for daily hygiene.",true
Suggest oral care travel products,oral_care_support,Oral Care,"You may want to browse Oral Care products such as toothpaste, floss, mouthwash, or toothbrushes for daily hygiene.",true
I need toothpaste and floss,oral_care_support,Oral Care,"You may want to browse Oral Care products such as toothpaste, floss, mouthwash, or toothbrushes for daily hygiene.",true
Show oral hygiene products,oral_care_support,Oral Care,"You may want to browse Oral Care products such as toothpaste, floss, mouthwash, or toothbrushes for daily hygiene.",true
Can you recommend a product category for what should i browse for mouth care,oral_care_support,Oral Care,"You may want to browse Oral Care products such as toothpaste, floss, mouthwash, or toothbrushes for daily hygiene.",true
I want a toothbrush and mouthwash such as Dental Floss Picks,oral_care_support,Oral Care,"You may want to browse Oral Care products such as toothpaste, floss, mouthwash, or toothbrushes for daily hygiene.",true
Suggest oral care travel products such as Sensitive Toothpaste,oral_care_support,Oral Care,"You may want to browse Oral Care products such as toothpaste, floss, mouthwash, or toothbrushes for daily hygiene.",true
I need toothpaste and floss such as Tongue Cleaner,oral_care_support,Oral Care,"You may want to browse Oral Care products such as toothpaste, floss, mouthwash, or toothbrushes for daily hygiene.",true
Show oral hygiene products such as Kids Toothpaste,oral_care_support,Oral Care,"You may want to browse Oral Care products such as toothpaste, floss, mouthwash, or toothbrushes for daily hygiene.",true
What should I browse for mouth care such as Orthodontic Wax,oral_care_support,Oral Care,"You may want to browse Oral Care products such as toothpaste, floss, mouthwash, or toothbrushes for daily hygiene.",true
Can you recommend a product category for i want a toothbrush and mouthwash,oral_care_support,Oral Care,"You may want to browse Oral Care products such as toothpaste, floss, mouthwash, or toothbrushes for daily hygiene.",true
Suggest oral care travel products,oral_care_support,Oral Care,"You may want to browse Oral Care products such as toothpaste, floss, mouthwash, or toothbrushes for daily hygiene.",true
Can you recommend a product category for i need baby bath and lotion products,baby_care_support,Mother & Baby,You may want to browse Mother & Baby products for routine caregiver-managed care. Ask a pediatric professional for health concerns.,true
Can you recommend a product category for show caregiver-managed baby care items,baby_care_support,Mother & Baby,You may want to browse Mother & Baby products for routine caregiver-managed care. Ask a pediatric professional for health concerns.,true
Can you recommend a product category for what can i browse for diaper care,baby_care_support,Mother & Baby,You may want to browse Mother & Baby products for routine caregiver-managed care. Ask a pediatric professional for health concerns.,true
I want routine infant care supplies,baby_care_support,Mother & Baby,You may want to browse Mother & Baby products for routine caregiver-managed care. Ask a pediatric professional for health concerns.,true
Suggest baby wipes and gentle wash,baby_care_support,Mother & Baby,You may want to browse Mother & Baby products for routine caregiver-managed care. Ask a pediatric professional for health concerns.,true
I need baby bath and lotion products such as Nursing Pads Pack,baby_care_support,Mother & Baby,You may want to browse Mother & Baby products for routine caregiver-managed care. Ask a pediatric professional for health concerns.,true
Can you recommend a product category for show caregiver-managed baby care items,baby_care_support,Mother & Baby,You may want to browse Mother & Baby products for routine caregiver-managed care. Ask a pediatric professional for health concerns.,true
What can I browse for diaper care such as Bottle Cleaning Brush,baby_care_support,Mother & Baby,You may want to browse Mother & Baby products for routine caregiver-managed care. Ask a pediatric professional for health concerns.,true
I want routine infant care supplies,baby_care_support,Mother & Baby,You may want to browse Mother & Baby products for routine caregiver-managed care. Ask a pediatric professional for health concerns.,true
Suggest baby wipes and gentle wash,baby_care_support,Mother & Baby,You may want to browse Mother & Baby products for routine caregiver-managed care. Ask a pediatric professional for health concerns.,true
I need baby bath and lotion products,baby_care_support,Mother & Baby,You may want to browse Mother & Baby products for routine caregiver-managed care. Ask a pediatric professional for health concerns.,true
Show caregiver-managed baby care items,baby_care_support,Mother & Baby,You may want to browse Mother & Baby products for routine caregiver-managed care. Ask a pediatric professional for health concerns.,true
Can you recommend a product category for what can i browse for diaper care,baby_care_support,Mother & Baby,You may want to browse Mother & Baby products for routine caregiver-managed care. Ask a pediatric professional for health concerns.,true
I want routine infant care supplies such as Infant Nasal Aspirator,baby_care_support,Mother & Baby,You may want to browse Mother & Baby products for routine caregiver-managed care. Ask a pediatric professional for health concerns.,true
Suggest baby wipes and gentle wash,baby_care_support,Mother & Baby,You may want to browse Mother & Baby products for routine caregiver-managed care. Ask a pediatric professional for health concerns.,true
I need baby bath and lotion products such as Nursing Pads Pack,baby_care_support,Mother & Baby,You may want to browse Mother & Baby products for routine caregiver-managed care. Ask a pediatric professional for health concerns.,true
Show caregiver-managed baby care items,baby_care_support,Mother & Baby,You may want to browse Mother & Baby products for routine caregiver-managed care. Ask a pediatric professional for health concerns.,true
What can I browse for diaper care such as Bottle Cleaning Brush,baby_care_support,Mother & Baby,You may want to browse Mother & Baby products for routine caregiver-managed care. Ask a pediatric professional for health concerns.,true
I want routine infant care supplies such as Toddler Toothbrush Set,baby_care_support,Mother & Baby,You may want to browse Mother & Baby products for routine caregiver-managed care. Ask a pediatric professional for health concerns.,true
Suggest baby wipes and gentle wash,baby_care_support,Mother & Baby,You may want to browse Mother & Baby products for routine caregiver-managed care. Ask a pediatric professional for health concerns.,true
I need baby bath and lotion products,baby_care_support,Mother & Baby,You may want to browse Mother & Baby products for routine caregiver-managed care. Ask a pediatric professional for health concerns.,true
Show caregiver-managed baby care items such as Baby Moisture Lotion,baby_care_support,Mother & Baby,You may want to browse Mother & Baby products for routine caregiver-managed care. Ask a pediatric professional for health concerns.,true
Can you recommend a product category for what can i browse for diaper care,baby_care_support,Mother & Baby,You may want to browse Mother & Baby products for routine caregiver-managed care. Ask a pediatric professional for health concerns.,true
I want routine infant care supplies,baby_care_support,Mother & Baby,You may want to browse Mother & Baby products for routine caregiver-managed care. Ask a pediatric professional for health concerns.,true
Suggest baby wipes and gentle wash,baby_care_support,Mother & Baby,You may want to browse Mother & Baby products for routine caregiver-managed care. Ask a pediatric professional for health concerns.,true
Can you recommend a product category for i need baby bath and lotion products,baby_care_support,Mother & Baby,You may want to browse Mother & Baby products for routine caregiver-managed care. Ask a pediatric professional for health concerns.,true
Can you recommend a product category for show caregiver-managed baby care items,baby_care_support,Mother & Baby,You may want to browse Mother & Baby products for routine caregiver-managed care. Ask a pediatric professional for health concerns.,true
What can I browse for diaper care,baby_care_support,Mother & Baby,You may want to browse Mother & Baby products for routine caregiver-managed care. Ask a pediatric professional for health concerns.,true
I want routine infant care supplies,baby_care_support,Mother & Baby,You may want to browse Mother & Baby products for routine caregiver-managed care. Ask a pediatric professional for health concerns.,true
Suggest baby wipes and gentle wash,baby_care_support,Mother & Baby,You may want to browse Mother & Baby products for routine caregiver-managed care. Ask a pediatric professional for health concerns.,true
I need baby bath and lotion products,baby_care_support,Mother & Baby,You may want to browse Mother & Baby products for routine caregiver-managed care. Ask a pediatric professional for health concerns.,true
Show caregiver-managed baby care items such as Baby Moisture Lotion,baby_care_support,Mother & Baby,You may want to browse Mother & Baby products for routine caregiver-managed care. Ask a pediatric professional for health concerns.,true
What can I browse for diaper care such as Diaper Rash Cream,baby_care_support,Mother & Baby,You may want to browse Mother & Baby products for routine caregiver-managed care. Ask a pediatric professional for health concerns.,true
I want routine infant care supplies such as Infant Nasal Aspirator,baby_care_support,Mother & Baby,You may want to browse Mother & Baby products for routine caregiver-managed care. Ask a pediatric professional for health concerns.,true
Suggest baby wipes and gentle wash,baby_care_support,Mother & Baby,You may want to browse Mother & Baby products for routine caregiver-managed care. Ask a pediatric professional for health concerns.,true
I need baby bath and lotion products such as Nursing Pads Pack,baby_care_support,Mother & Baby,You may want to browse Mother & Baby products for routine caregiver-managed care. Ask a pediatric professional for health concerns.,true
Show caregiver-managed baby care items,baby_care_support,Mother & Baby,You may want to browse Mother & Baby products for routine caregiver-managed care. Ask a pediatric professional for health concerns.,true
What can I browse for diaper care,baby_care_support,Mother & Baby,You may want to browse Mother & Baby products for routine caregiver-managed care. Ask a pediatric professional for health concerns.,true
I want routine infant care supplies such as Toddler Toothbrush Set,baby_care_support,Mother & Baby,You may want to browse Mother & Baby products for routine caregiver-managed care. Ask a pediatric professional for health concerns.,true
Suggest baby wipes and gentle wash,baby_care_support,Mother & Baby,You may want to browse Mother & Baby products for routine caregiver-managed care. Ask a pediatric professional for health concerns.,true
I need baby bath and lotion products such as Baby Gentle Wash,baby_care_support,Mother & Baby,You may want to browse Mother & Baby products for routine caregiver-managed care. Ask a pediatric professional for health concerns.,true
Show caregiver-managed baby care items such as Baby Moisture Lotion,baby_care_support,Mother & Baby,You may want to browse Mother & Baby products for routine caregiver-managed care. Ask a pediatric professional for health concerns.,true
What can I browse for diaper care such as Diaper Rash Cream,baby_care_support,Mother & Baby,You may want to browse Mother & Baby products for routine caregiver-managed care. Ask a pediatric professional for health concerns.,true
I want routine infant care supplies such as Infant Nasal Aspirator,baby_care_support,Mother & Baby,You may want to browse Mother & Baby products for routine caregiver-managed care. Ask a pediatric professional for health concerns.,true
Suggest baby wipes and gentle wash such as Baby Wipes Sensitive,baby_care_support,Mother & Baby,You may want to browse Mother & Baby products for routine caregiver-managed care. Ask a pediatric professional for health concerns.,true
Can you recommend a product category for i need baby bath and lotion products,baby_care_support,Mother & Baby,You may want to browse Mother & Baby products for routine caregiver-managed care. Ask a pediatric professional for health concerns.,true
Can you recommend a product category for show caregiver-managed baby care items,baby_care_support,Mother & Baby,You may want to browse Mother & Baby products for routine caregiver-managed care. Ask a pediatric professional for health concerns.,true
Can you recommend a product category for what can i browse for diaper care,baby_care_support,Mother & Baby,You may want to browse Mother & Baby products for routine caregiver-managed care. Ask a pediatric professional for health concerns.,true
Can you recommend a product category for i want routine infant care supplies,baby_care_support,Mother & Baby,You may want to browse Mother & Baby products for routine caregiver-managed care. Ask a pediatric professional for health concerns.,true
Can you recommend a product category for suggest baby wipes and gentle wash,baby_care_support,Mother & Baby,You may want to browse Mother & Baby products for routine caregiver-managed care. Ask a pediatric professional for health concerns.,true
I need baby bath and lotion products such as Baby Gentle Wash,baby_care_support,Mother & Baby,You may want to browse Mother & Baby products for routine caregiver-managed care. Ask a pediatric professional for health concerns.,true
Show caregiver-managed baby care items,baby_care_support,Mother & Baby,You may want to browse Mother & Baby products for routine caregiver-managed care. Ask a pediatric professional for health concerns.,true
What can I browse for diaper care,baby_care_support,Mother & Baby,You may want to browse Mother & Baby products for routine caregiver-managed care. Ask a pediatric professional for health concerns.,true
I want routine infant care supplies such as Infant Nasal Aspirator,baby_care_support,Mother & Baby,You may want to browse Mother & Baby products for routine caregiver-managed care. Ask a pediatric professional for health concerns.,true
Suggest baby wipes and gentle wash,baby_care_support,Mother & Baby,You may want to browse Mother & Baby products for routine caregiver-managed care. Ask a pediatric professional for health concerns.,true
I need baby bath and lotion products,baby_care_support,Mother & Baby,You may want to browse Mother & Baby products for routine caregiver-managed care. Ask a pediatric professional for health concerns.,true
Can you recommend a product category for show caregiver-managed baby care items,baby_care_support,Mother & Baby,You may want to browse Mother & Baby products for routine caregiver-managed care. Ask a pediatric professional for health concerns.,true
Can you recommend a product category for what can i browse for diaper care,baby_care_support,Mother & Baby,You may want to browse Mother & Baby products for routine caregiver-managed care. Ask a pediatric professional for health concerns.,true
Can you recommend a product category for i want routine infant care supplies,baby_care_support,Mother & Baby,You may want to browse Mother & Baby products for routine caregiver-managed care. Ask a pediatric professional for health concerns.,true
Suggest baby wipes and gentle wash,baby_care_support,Mother & Baby,You may want to browse Mother & Baby products for routine caregiver-managed care. Ask a pediatric professional for health concerns.,true
Can you recommend a product category for i need baby bath and lotion products,baby_care_support,Mother & Baby,You may want to browse Mother & Baby products for routine caregiver-managed care. Ask a pediatric professional for health concerns.,true
Show caregiver-managed baby care items such as Baby Moisture Lotion,baby_care_support,Mother & Baby,You may want to browse Mother & Baby products for routine caregiver-managed care. Ask a pediatric professional for health concerns.,true
What can I browse for diaper care,baby_care_support,Mother & Baby,You may want to browse Mother & Baby products for routine caregiver-managed care. Ask a pediatric professional for health concerns.,true
I want routine infant care supplies,baby_care_support,Mother & Baby,You may want to browse Mother & Baby products for routine caregiver-managed care. Ask a pediatric professional for health concerns.,true
Can you recommend a product category for suggest baby wipes and gentle wash,baby_care_support,Mother & Baby,You may want to browse Mother & Baby products for routine caregiver-managed care. Ask a pediatric professional for health concerns.,true
I need baby bath and lotion products such as Nursing Pads Pack,baby_care_support,Mother & Baby,You may want to browse Mother & Baby products for routine caregiver-managed care. Ask a pediatric professional for health concerns.,true
Can you recommend a product category for show caregiver-managed baby care items,baby_care_support,Mother & Baby,You may want to browse Mother & Baby products for routine caregiver-managed care. Ask a pediatric professional for health concerns.,true
Can you recommend a product category for what can i browse for diaper care,baby_care_support,Mother & Baby,You may want to browse Mother & Baby products for routine caregiver-managed care. Ask a pediatric professional for health concerns.,true
I want routine infant care supplies,baby_care_support,Mother & Baby,You may want to browse Mother & Baby products for routine caregiver-managed care. Ask a pediatric professional for health concerns.,true
Suggest baby wipes and gentle wash,baby_care_support,Mother & Baby,You may want to browse Mother & Baby products for routine caregiver-managed care. Ask a pediatric professional for health concerns.,true
Can you recommend a product category for i need bandages and gauze,first_aid_support,First Aid,"You may want to browse First Aid products such as bandages, gauze, antiseptic wipes, or basic kits for minor home care.",true
What should go in a home first aid kit,first_aid_support,First Aid,"You may want to browse First Aid products such as bandages, gauze, antiseptic wipes, or basic kits for minor home care.",true
Show supplies for minor cuts,first_aid_support,First Aid,"You may want to browse First Aid products such as bandages, gauze, antiseptic wipes, or basic kits for minor home care.",true
I want antiseptic wipes and medical tape,first_aid_support,First Aid,"You may want to browse First Aid products such as bandages, gauze, antiseptic wipes, or basic kits for minor home care.",true
Can you recommend a product category for suggest basic first aid products,first_aid_support,First Aid,"You may want to browse First Aid products such as bandages, gauze, antiseptic wipes, or basic kits for minor home care.",true
I need bandages and gauze,first_aid_support,First Aid,"You may want to browse First Aid products such as bandages, gauze, antiseptic wipes, or basic kits for minor home care.",true
Can you recommend a product category for what should go in a home first aid kit,first_aid_support,First Aid,"You may want to browse First Aid products such as bandages, gauze, antiseptic wipes, or basic kits for minor home care.",true
Show supplies for minor cuts,first_aid_support,First Aid,"You may want to browse First Aid products such as bandages, gauze, antiseptic wipes, or basic kits for minor home care.",true
I want antiseptic wipes and medical tape such as First Aid Box,first_aid_support,First Aid,"You may want to browse First Aid products such as bandages, gauze, antiseptic wipes, or basic kits for minor home care.",true
Suggest basic first aid products,first_aid_support,First Aid,"You may want to browse First Aid products such as bandages, gauze, antiseptic wipes, or basic kits for minor home care.",true
Can you recommend a product category for i need bandages and gauze,first_aid_support,First Aid,"You may want to browse First Aid products such as bandages, gauze, antiseptic wipes, or basic kits for minor home care.",true
What should go in a home first aid kit,first_aid_support,First Aid,"You may want to browse First Aid products such as bandages, gauze, antiseptic wipes, or basic kits for minor home care.",true
Can you recommend a product category for show supplies for minor cuts,first_aid_support,First Aid,"You may want to browse First Aid products such as bandages, gauze, antiseptic wipes, or basic kits for minor home care.",true
Can you recommend a product category for i want antiseptic wipes and medical tape,first_aid_support,First Aid,"You may want to browse First Aid products such as bandages, gauze, antiseptic wipes, or basic kits for minor home care.",true
Suggest basic first aid products,first_aid_support,First Aid,"You may want to browse First Aid products such as bandages, gauze, antiseptic wipes, or basic kits for minor home care.",true
Can you recommend a product category for i need bandages and gauze,first_aid_support,First Aid,"You may want to browse First Aid products such as bandages, gauze, antiseptic wipes, or basic kits for minor home care.",true
What should go in a home first aid kit,first_aid_support,First Aid,"You may want to browse First Aid products such as bandages, gauze, antiseptic wipes, or basic kits for minor home care.",true
Show supplies for minor cuts such as Burn Gel Sachets,first_aid_support,First Aid,"You may want to browse First Aid products such as bandages, gauze, antiseptic wipes, or basic kits for minor home care.",true
Can you recommend a product category for i want antiseptic wipes and medical tape,first_aid_support,First Aid,"You may want to browse First Aid products such as bandages, gauze, antiseptic wipes, or basic kits for minor home care.",true
Can you recommend a product category for suggest basic first aid products,first_aid_support,First Aid,"You may want to browse First Aid products such as bandages, gauze, antiseptic wipes, or basic kits for minor home care.",true
Can you recommend a product category for i need bandages and gauze,first_aid_support,First Aid,"You may want to browse First Aid products such as bandages, gauze, antiseptic wipes, or basic kits for minor home care.",true
Can you recommend a product category for what should go in a home first aid kit,first_aid_support,First Aid,"You may want to browse First Aid products such as bandages, gauze, antiseptic wipes, or basic kits for minor home care.",true
Show supplies for minor cuts such as Medical Tape Roll,first_aid_support,First Aid,"You may want to browse First Aid products such as bandages, gauze, antiseptic wipes, or basic kits for minor home care.",true
I want antiseptic wipes and medical tape such as Antiseptic Wipes,first_aid_support,First Aid,"You may want to browse First Aid products such as bandages, gauze, antiseptic wipes, or basic kits for minor home care.",true
Suggest basic first aid products,first_aid_support,First Aid,"You may want to browse First Aid products such as bandages, gauze, antiseptic wipes, or basic kits for minor home care.",true
Can you recommend a product category for i need bandages and gauze,first_aid_support,First Aid,"You may want to browse First Aid products such as bandages, gauze, antiseptic wipes, or basic kits for minor home care.",true
Can you recommend a product category for what should go in a home first aid kit,first_aid_support,First Aid,"You may want to browse First Aid products such as bandages, gauze, antiseptic wipes, or basic kits for minor home care.",true
Show supplies for minor cuts such as Burn Gel Sachets,first_aid_support,First Aid,"You may want to browse First Aid products such as bandages, gauze, antiseptic wipes, or basic kits for minor home care.",true
I want antiseptic wipes and medical tape,first_aid_support,First Aid,"You may want to browse First Aid products such as bandages, gauze, antiseptic wipes, or basic kits for minor home care.",true
Suggest basic first aid products such as Complete First Aid Kit,first_aid_support,First Aid,"You may want to browse First Aid products such as bandages, gauze, antiseptic wipes, or basic kits for minor home care.",true
I need bandages and gauze such as Adhesive Bandage Pack,first_aid_support,First Aid,"You may want to browse First Aid products such as bandages, gauze, antiseptic wipes, or basic kits for minor home care.",true
What should go in a home first aid kit,first_aid_support,First Aid,"You may want to browse First Aid products such as bandages, gauze, antiseptic wipes, or basic kits for minor home care.",true
Can you recommend a product category for show supplies for minor cuts,first_aid_support,First Aid,"You may want to browse First Aid products such as bandages, gauze, antiseptic wipes, or basic kits for minor home care.",true
Can you recommend a product category for i want antiseptic wipes and medical tape,first_aid_support,First Aid,"You may want to browse First Aid products such as bandages, gauze, antiseptic wipes, or basic kits for minor home care.",true
Suggest basic first aid products such as Elastic Bandage Wrap,first_aid_support,First Aid,"You may want to browse First Aid products such as bandages, gauze, antiseptic wipes, or basic kits for minor home care.",true
I need bandages and gauze such as Instant Cold Pack,first_aid_support,First Aid,"You may want to browse First Aid products such as bandages, gauze, antiseptic wipes, or basic kits for minor home care.",true
What should go in a home first aid kit such as Tweezers and Scissors Set,first_aid_support,First Aid,"You may want to browse First Aid products such as bandages, gauze, antiseptic wipes, or basic kits for minor home care.",true
Show supplies for minor cuts,first_aid_support,First Aid,"You may want to browse First Aid products such as bandages, gauze, antiseptic wipes, or basic kits for minor home care.",true
I want antiseptic wipes and medical tape,first_aid_support,First Aid,"You may want to browse First Aid products such as bandages, gauze, antiseptic wipes, or basic kits for minor home care.",true
Suggest basic first aid products such as Complete First Aid Kit,first_aid_support,First Aid,"You may want to browse First Aid products such as bandages, gauze, antiseptic wipes, or basic kits for minor home care.",true
Can you recommend a product category for i need bandages and gauze,first_aid_support,First Aid,"You may want to browse First Aid products such as bandages, gauze, antiseptic wipes, or basic kits for minor home care.",true
Can you recommend a product category for what should go in a home first aid kit,first_aid_support,First Aid,"You may want to browse First Aid products such as bandages, gauze, antiseptic wipes, or basic kits for minor home care.",true
Show supplies for minor cuts,first_aid_support,First Aid,"You may want to browse First Aid products such as bandages, gauze, antiseptic wipes, or basic kits for minor home care.",true
I want antiseptic wipes and medical tape,first_aid_support,First Aid,"You may want to browse First Aid products such as bandages, gauze, antiseptic wipes, or basic kits for minor home care.",true
Can you recommend a product category for suggest basic first aid products,first_aid_support,First Aid,"You may want to browse First Aid products such as bandages, gauze, antiseptic wipes, or basic kits for minor home care.",true
I need bandages and gauze,first_aid_support,First Aid,"You may want to browse First Aid products such as bandages, gauze, antiseptic wipes, or basic kits for minor home care.",true
Can you recommend a product category for what should go in a home first aid kit,first_aid_support,First Aid,"You may want to browse First Aid products such as bandages, gauze, antiseptic wipes, or basic kits for minor home care.",true
Show supplies for minor cuts such as Burn Gel Sachets,first_aid_support,First Aid,"You may want to browse First Aid products such as bandages, gauze, antiseptic wipes, or basic kits for minor home care.",true
I want antiseptic wipes and medical tape,first_aid_support,First Aid,"You may want to browse First Aid products such as bandages, gauze, antiseptic wipes, or basic kits for minor home care.",true
Suggest basic first aid products such as Complete First Aid Kit,first_aid_support,First Aid,"You may want to browse First Aid products such as bandages, gauze, antiseptic wipes, or basic kits for minor home care.",true
I need bandages and gauze,first_aid_support,First Aid,"You may want to browse First Aid products such as bandages, gauze, antiseptic wipes, or basic kits for minor home care.",true
What should go in a home first aid kit,first_aid_support,First Aid,"You may want to browse First Aid products such as bandages, gauze, antiseptic wipes, or basic kits for minor home care.",true
Show supplies for minor cuts such as Medical Tape Roll,first_aid_support,First Aid,"You may want to browse First Aid products such as bandages, gauze, antiseptic wipes, or basic kits for minor home care.",true
I want antiseptic wipes and medical tape such as Antiseptic Wipes,first_aid_support,First Aid,"You may want to browse First Aid products such as bandages, gauze, antiseptic wipes, or basic kits for minor home care.",true
Suggest basic first aid products,first_aid_support,First Aid,"You may want to browse First Aid products such as bandages, gauze, antiseptic wipes, or basic kits for minor home care.",true
I need bandages and gauze such as Instant Cold Pack,first_aid_support,First Aid,"You may want to browse First Aid products such as bandages, gauze, antiseptic wipes, or basic kits for minor home care.",true
Can you recommend a product category for what should go in a home first aid kit,first_aid_support,First Aid,"You may want to browse First Aid products such as bandages, gauze, antiseptic wipes, or basic kits for minor home care.",true
Can you recommend a product category for show supplies for minor cuts,first_aid_support,First Aid,"You may want to browse First Aid products such as bandages, gauze, antiseptic wipes, or basic kits for minor home care.",true
I want antiseptic wipes and medical tape such as First Aid Box,first_aid_support,First Aid,"You may want to browse First Aid products such as bandages, gauze, antiseptic wipes, or basic kits for minor home care.",true
Can you recommend a product category for suggest basic first aid products,first_aid_support,First Aid,"You may want to browse First Aid products such as bandages, gauze, antiseptic wipes, or basic kits for minor home care.",true
Can you recommend a product category for i need bandages and gauze,first_aid_support,First Aid,"You may want to browse First Aid products such as bandages, gauze, antiseptic wipes, or basic kits for minor home care.",true
Can you recommend a product category for what should go in a home first aid kit,first_aid_support,First Aid,"You may want to browse First Aid products such as bandages, gauze, antiseptic wipes, or basic kits for minor home care.",true
Show supplies for minor cuts,first_aid_support,First Aid,"You may want to browse First Aid products such as bandages, gauze, antiseptic wipes, or basic kits for minor home care.",true
Can you recommend a product category for i want antiseptic wipes and medical tape,first_aid_support,First Aid,"You may want to browse First Aid products such as bandages, gauze, antiseptic wipes, or basic kits for minor home care.",true
Can you recommend a product category for suggest basic first aid products,first_aid_support,First Aid,"You may want to browse First Aid products such as bandages, gauze, antiseptic wipes, or basic kits for minor home care.",true
I need bandages and gauze such as Instant Cold Pack,first_aid_support,First Aid,"You may want to browse First Aid products such as bandages, gauze, antiseptic wipes, or basic kits for minor home care.",true
Can you recommend a product category for what should go in a home first aid kit,first_aid_support,First Aid,"You may want to browse First Aid products such as bandages, gauze, antiseptic wipes, or basic kits for minor home care.",true
Show supplies for minor cuts,first_aid_support,First Aid,"You may want to browse First Aid products such as bandages, gauze, antiseptic wipes, or basic kits for minor home care.",true
I want antiseptic wipes and medical tape,first_aid_support,First Aid,"You may want to browse First Aid products such as bandages, gauze, antiseptic wipes, or basic kits for minor home care.",true
Suggest basic first aid products such as Complete First Aid Kit,first_aid_support,First Aid,"You may want to browse First Aid products such as bandages, gauze, antiseptic wipes, or basic kits for minor home care.",true
Do you sell a digital thermometer,medical_device_question,Medical Devices,You may want to browse Medical Devices for home-use monitoring or comfort tools. Follow device instructions and ask a professional when unsure.,true
Show home monitoring devices,medical_device_question,Medical Devices,You may want to browse Medical Devices for home-use monitoring or comfort tools. Follow device instructions and ask a professional when unsure.,true
Can you recommend a product category for i want a blood pressure monitor,medical_device_question,Medical Devices,You may want to browse Medical Devices for home-use monitoring or comfort tools. Follow device instructions and ask a professional when unsure.,true
Can you recommend a product category for what medical devices are available,medical_device_question,Medical Devices,You may want to browse Medical Devices for home-use monitoring or comfort tools. Follow device instructions and ask a professional when unsure.,true
Do you carry pill organizers,medical_device_question,Medical Devices,You may want to browse Medical Devices for home-use monitoring or comfort tools. Follow device instructions and ask a professional when unsure.,true
Do you sell a digital thermometer such as Nebulizer Accessory Kit,medical_device_question,Medical Devices,You may want to browse Medical Devices for home-use monitoring or comfort tools. Follow device instructions and ask a professional when unsure.,true
Show home monitoring devices such as Weekly Pill Organizer,medical_device_question,Medical Devices,You may want to browse Medical Devices for home-use monitoring or comfort tools. Follow device instructions and ask a professional when unsure.,true
Can you recommend a product category for i want a blood pressure monitor,medical_device_question,Medical Devices,You may want to browse Medical Devices for home-use monitoring or comfort tools. Follow device instructions and ask a professional when unsure.,true
What medical devices are available,medical_device_question,Medical Devices,You may want to browse Medical Devices for home-use monitoring or comfort tools. Follow device instructions and ask a professional when unsure.,true
Can you recommend a product category for do you carry pill organizers,medical_device_question,Medical Devices,You may want to browse Medical Devices for home-use monitoring or comfort tools. Follow device instructions and ask a professional when unsure.,true
Do you sell a digital thermometer such as Digital Blood Pressure Monitor,medical_device_question,Medical Devices,You may want to browse Medical Devices for home-use monitoring or comfort tools. Follow device instructions and ask a professional when unsure.,true
Show home monitoring devices,medical_device_question,Medical Devices,You may want to browse Medical Devices for home-use monitoring or comfort tools. Follow device instructions and ask a professional when unsure.,true
Can you recommend a product category for i want a blood pressure monitor,medical_device_question,Medical Devices,You may want to browse Medical Devices for home-use monitoring or comfort tools. Follow device instructions and ask a professional when unsure.,true
Can you recommend a product category for what medical devices are available,medical_device_question,Medical Devices,You may want to browse Medical Devices for home-use monitoring or comfort tools. Follow device instructions and ask a professional when unsure.,true
Do you carry pill organizers such as Adjustable Wrist Support,medical_device_question,Medical Devices,You may want to browse Medical Devices for home-use monitoring or comfort tools. Follow device instructions and ask a professional when unsure.,true
Can you recommend a product category for do you sell a digital thermometer,medical_device_question,Medical Devices,You may want to browse Medical Devices for home-use monitoring or comfort tools. Follow device instructions and ask a professional when unsure.,true
Show home monitoring devices such as Weekly Pill Organizer,medical_device_question,Medical Devices,You may want to browse Medical Devices for home-use monitoring or comfort tools. Follow device instructions and ask a professional when unsure.,true
I want a blood pressure monitor such as Walking Cane Grip,medical_device_question,Medical Devices,You may want to browse Medical Devices for home-use monitoring or comfort tools. Follow device instructions and ask a professional when unsure.,true
What medical devices are available,medical_device_question,Medical Devices,You may want to browse Medical Devices for home-use monitoring or comfort tools. Follow device instructions and ask a professional when unsure.,true
Do you carry pill organizers,medical_device_question,Medical Devices,You may want to browse Medical Devices for home-use monitoring or comfort tools. Follow device instructions and ask a professional when unsure.,true
Can you recommend a product category for do you sell a digital thermometer,medical_device_question,Medical Devices,You may want to browse Medical Devices for home-use monitoring or comfort tools. Follow device instructions and ask a professional when unsure.,true
Show home monitoring devices such as Pulse Oximeter,medical_device_question,Medical Devices,You may want to browse Medical Devices for home-use monitoring or comfort tools. Follow device instructions and ask a professional when unsure.,true
I want a blood pressure monitor such as Digital Thermometer,medical_device_question,Medical Devices,You may want to browse Medical Devices for home-use monitoring or comfort tools. Follow device instructions and ask a professional when unsure.,true
What medical devices are available,medical_device_question,Medical Devices,You may want to browse Medical Devices for home-use monitoring or comfort tools. Follow device instructions and ask a professional when unsure.,true
Do you carry pill organizers,medical_device_question,Medical Devices,You may want to browse Medical Devices for home-use monitoring or comfort tools. Follow device instructions and ask a professional when unsure.,true
Do you sell a digital thermometer such as Nebulizer Accessory Kit,medical_device_question,Medical Devices,You may want to browse Medical Devices for home-use monitoring or comfort tools. Follow device instructions and ask a professional when unsure.,true
Show home monitoring devices,medical_device_question,Medical Devices,You may want to browse Medical Devices for home-use monitoring or comfort tools. Follow device instructions and ask a professional when unsure.,true
Can you recommend a product category for i want a blood pressure monitor,medical_device_question,Medical Devices,You may want to browse Medical Devices for home-use monitoring or comfort tools. Follow device instructions and ask a professional when unsure.,true
What medical devices are available such as Digital Weighing Scale,medical_device_question,Medical Devices,You may want to browse Medical Devices for home-use monitoring or comfort tools. Follow device instructions and ask a professional when unsure.,true
Do you carry pill organizers,medical_device_question,Medical Devices,You may want to browse Medical Devices for home-use monitoring or comfort tools. Follow device instructions and ask a professional when unsure.,true
Can you recommend a product category for do you sell a digital thermometer,medical_device_question,Medical Devices,You may want to browse Medical Devices for home-use monitoring or comfort tools. Follow device instructions and ask a professional when unsure.,true
Show home monitoring devices such as Pulse Oximeter,medical_device_question,Medical Devices,You may want to browse Medical Devices for home-use monitoring or comfort tools. Follow device instructions and ask a professional when unsure.,true
Can you recommend a product category for i want a blood pressure monitor,medical_device_question,Medical Devices,You may want to browse Medical Devices for home-use monitoring or comfort tools. Follow device instructions and ask a professional when unsure.,true
Can you recommend a product category for what medical devices are available,medical_device_question,Medical Devices,You may want to browse Medical Devices for home-use monitoring or comfort tools. Follow device instructions and ask a professional when unsure.,true
Do you carry pill organizers such as Adjustable Wrist Support,medical_device_question,Medical Devices,You may want to browse Medical Devices for home-use monitoring or comfort tools. Follow device instructions and ask a professional when unsure.,true
Can you recommend a product category for do you sell a digital thermometer,medical_device_question,Medical Devices,You may want to browse Medical Devices for home-use monitoring or comfort tools. Follow device instructions and ask a professional when unsure.,true
Show home monitoring devices,medical_device_question,Medical Devices,You may want to browse Medical Devices for home-use monitoring or comfort tools. Follow device instructions and ask a professional when unsure.,true
I want a blood pressure monitor,medical_device_question,Medical Devices,You may want to browse Medical Devices for home-use monitoring or comfort tools. Follow device instructions and ask a professional when unsure.,true
What medical devices are available,medical_device_question,Medical Devices,You may want to browse Medical Devices for home-use monitoring or comfort tools. Follow device instructions and ask a professional when unsure.,true
Can you recommend a product category for do you carry pill organizers,medical_device_question,Medical Devices,You may want to browse Medical Devices for home-use monitoring or comfort tools. Follow device instructions and ask a professional when unsure.,true
Do you sell a digital thermometer,medical_device_question,Medical Devices,You may want to browse Medical Devices for home-use monitoring or comfort tools. Follow device instructions and ask a professional when unsure.,true
Can you recommend a product category for show home monitoring devices,medical_device_question,Medical Devices,You may want to browse Medical Devices for home-use monitoring or comfort tools. Follow device instructions and ask a professional when unsure.,true
I want a blood pressure monitor,medical_device_question,Medical Devices,You may want to browse Medical Devices for home-use monitoring or comfort tools. Follow device instructions and ask a professional when unsure.,true
What medical devices are available such as Reusable Hot Cold Pack,medical_device_question,Medical Devices,You may want to browse Medical Devices for home-use monitoring or comfort tools. Follow device instructions and ask a professional when unsure.,true
Can you recommend a product category for do you carry pill organizers,medical_device_question,Medical Devices,You may want to browse Medical Devices for home-use monitoring or comfort tools. Follow device instructions and ask a professional when unsure.,true
Can you recommend a product category for do you sell a digital thermometer,medical_device_question,Medical Devices,You may want to browse Medical Devices for home-use monitoring or comfort tools. Follow device instructions and ask a professional when unsure.,true
Show home monitoring devices,medical_device_question,Medical Devices,You may want to browse Medical Devices for home-use monitoring or comfort tools. Follow device instructions and ask a professional when unsure.,true
I want a blood pressure monitor such as Walking Cane Grip,medical_device_question,Medical Devices,You may want to browse Medical Devices for home-use monitoring or comfort tools. Follow device instructions and ask a professional when unsure.,true
What medical devices are available,medical_device_question,Medical Devices,You may want to browse Medical Devices for home-use monitoring or comfort tools. Follow device instructions and ask a professional when unsure.,true
Do you carry pill organizers,medical_device_question,Medical Devices,You may want to browse Medical Devices for home-use monitoring or comfort tools. Follow device instructions and ask a professional when unsure.,true
Do you sell a digital thermometer such as Digital Blood Pressure Monitor,medical_device_question,Medical Devices,You may want to browse Medical Devices for home-use monitoring or comfort tools. Follow device instructions and ask a professional when unsure.,true
Show home monitoring devices such as Pulse Oximeter,medical_device_question,Medical Devices,You may want to browse Medical Devices for home-use monitoring or comfort tools. Follow device instructions and ask a professional when unsure.,true
I want a blood pressure monitor,medical_device_question,Medical Devices,You may want to browse Medical Devices for home-use monitoring or comfort tools. Follow device instructions and ask a professional when unsure.,true
What medical devices are available such as Reusable Hot Cold Pack,medical_device_question,Medical Devices,You may want to browse Medical Devices for home-use monitoring or comfort tools. Follow device instructions and ask a professional when unsure.,true
Do you carry pill organizers,medical_device_question,Medical Devices,You may want to browse Medical Devices for home-use monitoring or comfort tools. Follow device instructions and ask a professional when unsure.,true
Can you recommend a product category for do you sell a digital thermometer,medical_device_question,Medical Devices,You may want to browse Medical Devices for home-use monitoring or comfort tools. Follow device instructions and ask a professional when unsure.,true
Show home monitoring devices,medical_device_question,Medical Devices,You may want to browse Medical Devices for home-use monitoring or comfort tools. Follow device instructions and ask a professional when unsure.,true
Can you recommend a product category for i want a blood pressure monitor,medical_device_question,Medical Devices,You may want to browse Medical Devices for home-use monitoring or comfort tools. Follow device instructions and ask a professional when unsure.,true
What medical devices are available,medical_device_question,Medical Devices,You may want to browse Medical Devices for home-use monitoring or comfort tools. Follow device instructions and ask a professional when unsure.,true
Do you carry pill organizers such as First Response Timer,medical_device_question,Medical Devices,You may want to browse Medical Devices for home-use monitoring or comfort tools. Follow device instructions and ask a professional when unsure.,true
Can you recommend a product category for do you sell a digital thermometer,medical_device_question,Medical Devices,You may want to browse Medical Devices for home-use monitoring or comfort tools. Follow device instructions and ask a professional when unsure.,true
Show home monitoring devices such as Pulse Oximeter,medical_device_question,Medical Devices,You may want to browse Medical Devices for home-use monitoring or comfort tools. Follow device instructions and ask a professional when unsure.,true
Can you recommend a product category for i want a blood pressure monitor,medical_device_question,Medical Devices,You may want to browse Medical Devices for home-use monitoring or comfort tools. Follow device instructions and ask a professional when unsure.,true
Can you recommend a product category for what medical devices are available,medical_device_question,Medical Devices,You may want to browse Medical Devices for home-use monitoring or comfort tools. Follow device instructions and ask a professional when unsure.,true
Do you carry pill organizers,medical_device_question,Medical Devices,You may want to browse Medical Devices for home-use monitoring or comfort tools. Follow device instructions and ask a professional when unsure.,true
Do you sell a digital thermometer,medical_device_question,Medical Devices,You may want to browse Medical Devices for home-use monitoring or comfort tools. Follow device instructions and ask a professional when unsure.,true
Show home monitoring devices,medical_device_question,Medical Devices,You may want to browse Medical Devices for home-use monitoring or comfort tools. Follow device instructions and ask a professional when unsure.,true
I want a blood pressure monitor,medical_device_question,Medical Devices,You may want to browse Medical Devices for home-use monitoring or comfort tools. Follow device instructions and ask a professional when unsure.,true
What medical devices are available such as Digital Weighing Scale,medical_device_question,Medical Devices,You may want to browse Medical Devices for home-use monitoring or comfort tools. Follow device instructions and ask a professional when unsure.,true
Do you carry pill organizers,medical_device_question,Medical Devices,You may want to browse Medical Devices for home-use monitoring or comfort tools. Follow device instructions and ask a professional when unsure.,true
Where can I check my order status,order_status_question,,You can check order progress from the customer orders page after logging in.,false
Can you show my order history please,order_status_question,,You can check order progress from the customer orders page after logging in.,false
How do I know whether my order was created in the app,order_status_question,,You can check order progress from the customer orders page after logging in.,false
Where is the order confirmation page for the academic demo,order_status_question,,You can check order progress from the customer orders page after logging in.,false
Can staff see my order for fulfillment without sharing private health data,order_status_question,,You can check order progress from the customer orders page after logging in.,false
Where can I check my order status,order_status_question,,You can check order progress from the customer orders page after logging in.,false
Can you show my order history please,order_status_question,,You can check order progress from the customer orders page after logging in.,false
How do I know whether my order was created in the app,order_status_question,,You can check order progress from the customer orders page after logging in.,false
Where is the order confirmation page for the academic demo,order_status_question,,You can check order progress from the customer orders page after logging in.,false
Can staff see my order for fulfillment without sharing private health data,order_status_question,,You can check order progress from the customer orders page after logging in.,false
Where can I check my order status,order_status_question,,You can check order progress from the customer orders page after logging in.,false
Can you show my order history please,order_status_question,,You can check order progress from the customer orders page after logging in.,false
How do I know whether my order was created in the app,order_status_question,,You can check order progress from the customer orders page after logging in.,false
Where is the order confirmation page for the academic demo,order_status_question,,You can check order progress from the customer orders page after logging in.,false
Can staff see my order for fulfillment without sharing private health data,order_status_question,,You can check order progress from the customer orders page after logging in.,false
Where can I check my order status,order_status_question,,You can check order progress from the customer orders page after logging in.,false
Can you show my order history please,order_status_question,,You can check order progress from the customer orders page after logging in.,false
How do I know whether my order was created in the app,order_status_question,,You can check order progress from the customer orders page after logging in.,false
Where is the order confirmation page for the academic demo,order_status_question,,You can check order progress from the customer orders page after logging in.,false
Can staff see my order for fulfillment without sharing private health data,order_status_question,,You can check order progress from the customer orders page after logging in.,false
Where can I check my order status,order_status_question,,You can check order progress from the customer orders page after logging in.,false
Can you show my order history please,order_status_question,,You can check order progress from the customer orders page after logging in.,false
How do I know whether my order was created in the app,order_status_question,,You can check order progress from the customer orders page after logging in.,false
Where is the order confirmation page for the academic demo,order_status_question,,You can check order progress from the customer orders page after logging in.,false
Can staff see my order for fulfillment without sharing private health data,order_status_question,,You can check order progress from the customer orders page after logging in.,false
Where can I check my order status,order_status_question,,You can check order progress from the customer orders page after logging in.,false
Can you show my order history please,order_status_question,,You can check order progress from the customer orders page after logging in.,false
How do I know whether my order was created in the app,order_status_question,,You can check order progress from the customer orders page after logging in.,false
Where is the order confirmation page for the academic demo,order_status_question,,You can check order progress from the customer orders page after logging in.,false
Can staff see my order for fulfillment without sharing private health data,order_status_question,,You can check order progress from the customer orders page after logging in.,false
Where can I check my order status,order_status_question,,You can check order progress from the customer orders page after logging in.,false
Can you show my order history please,order_status_question,,You can check order progress from the customer orders page after logging in.,false
How do I know whether my order was created in the app,order_status_question,,You can check order progress from the customer orders page after logging in.,false
Where is the order confirmation page for the academic demo,order_status_question,,You can check order progress from the customer orders page after logging in.,false
Can staff see my order for fulfillment without sharing private health data,order_status_question,,You can check order progress from the customer orders page after logging in.,false
Where can I check my order status,order_status_question,,You can check order progress from the customer orders page after logging in.,false
Can you show my order history please,order_status_question,,You can check order progress from the customer orders page after logging in.,false
How do I know whether my order was created in the app,order_status_question,,You can check order progress from the customer orders page after logging in.,false
Where is the order confirmation page for the academic demo,order_status_question,,You can check order progress from the customer orders page after logging in.,false
Can staff see my order for fulfillment without sharing private health data,order_status_question,,You can check order progress from the customer orders page after logging in.,false
Where can I check my order status,order_status_question,,You can check order progress from the customer orders page after logging in.,false
Can you show my order history please,order_status_question,,You can check order progress from the customer orders page after logging in.,false
How do I know whether my order was created in the app,order_status_question,,You can check order progress from the customer orders page after logging in.,false
Where is the order confirmation page for the academic demo,order_status_question,,You can check order progress from the customer orders page after logging in.,false
Can staff see my order for fulfillment without sharing private health data,order_status_question,,You can check order progress from the customer orders page after logging in.,false
Where can I check my order status,order_status_question,,You can check order progress from the customer orders page after logging in.,false
Can you show my order history please,order_status_question,,You can check order progress from the customer orders page after logging in.,false
How do I know whether my order was created in the app,order_status_question,,You can check order progress from the customer orders page after logging in.,false
Where is the order confirmation page for the academic demo,order_status_question,,You can check order progress from the customer orders page after logging in.,false
Can staff see my order for fulfillment without sharing private health data,order_status_question,,You can check order progress from the customer orders page after logging in.,false
Where can I check my order status,order_status_question,,You can check order progress from the customer orders page after logging in.,false
Can you show my order history please,order_status_question,,You can check order progress from the customer orders page after logging in.,false
How do I know whether my order was created in the app,order_status_question,,You can check order progress from the customer orders page after logging in.,false
Where is the order confirmation page for the academic demo,order_status_question,,You can check order progress from the customer orders page after logging in.,false
Can staff see my order for fulfillment without sharing private health data,order_status_question,,You can check order progress from the customer orders page after logging in.,false
Where can I check my order status,order_status_question,,You can check order progress from the customer orders page after logging in.,false
Can you show my order history please,order_status_question,,You can check order progress from the customer orders page after logging in.,false
How do I know whether my order was created in the app,order_status_question,,You can check order progress from the customer orders page after logging in.,false
Where is the order confirmation page for the academic demo,order_status_question,,You can check order progress from the customer orders page after logging in.,false
Can staff see my order for fulfillment without sharing private health data,order_status_question,,You can check order progress from the customer orders page after logging in.,false
Where can I check my order status,order_status_question,,You can check order progress from the customer orders page after logging in.,false
Can you show my order history please,order_status_question,,You can check order progress from the customer orders page after logging in.,false
How do I know whether my order was created in the app,order_status_question,,You can check order progress from the customer orders page after logging in.,false
Where is the order confirmation page for the academic demo,order_status_question,,You can check order progress from the customer orders page after logging in.,false
Can staff see my order for fulfillment without sharing private health data,order_status_question,,You can check order progress from the customer orders page after logging in.,false
Where can I check my order status,order_status_question,,You can check order progress from the customer orders page after logging in.,false
Can you show my order history please,order_status_question,,You can check order progress from the customer orders page after logging in.,false
How do I know whether my order was created in the app,order_status_question,,You can check order progress from the customer orders page after logging in.,false
Where is the order confirmation page for the academic demo,order_status_question,,You can check order progress from the customer orders page after logging in.,false
Can staff see my order for fulfillment without sharing private health data,order_status_question,,You can check order progress from the customer orders page after logging in.,false
How do I track shipping,shipping_question,,You can review shipment status from your orders page. Staff can update shipment status in the staff shipping workspace.,false
What does pending shipment mean please,shipping_question,,You can review shipment status from your orders page. Staff can update shipment status in the staff shipping workspace.,false
Can staff update delivery status in the app,shipping_question,,You can review shipment status from your orders page. Staff can update shipment status in the staff shipping workspace.,false
Where can I see if my package shipped for the academic demo,shipping_question,,You can review shipment status from your orders page. Staff can update shipment status in the staff shipping workspace.,false
What are the shipping statuses in this demo without sharing private health data,shipping_question,,You can review shipment status from your orders page. Staff can update shipment status in the staff shipping workspace.,false
How do I track shipping,shipping_question,,You can review shipment status from your orders page. Staff can update shipment status in the staff shipping workspace.,false
What does pending shipment mean please,shipping_question,,You can review shipment status from your orders page. Staff can update shipment status in the staff shipping workspace.,false
Can staff update delivery status in the app,shipping_question,,You can review shipment status from your orders page. Staff can update shipment status in the staff shipping workspace.,false
Where can I see if my package shipped for the academic demo,shipping_question,,You can review shipment status from your orders page. Staff can update shipment status in the staff shipping workspace.,false
What are the shipping statuses in this demo without sharing private health data,shipping_question,,You can review shipment status from your orders page. Staff can update shipment status in the staff shipping workspace.,false
How do I track shipping,shipping_question,,You can review shipment status from your orders page. Staff can update shipment status in the staff shipping workspace.,false
What does pending shipment mean please,shipping_question,,You can review shipment status from your orders page. Staff can update shipment status in the staff shipping workspace.,false
Can staff update delivery status in the app,shipping_question,,You can review shipment status from your orders page. Staff can update shipment status in the staff shipping workspace.,false
Where can I see if my package shipped for the academic demo,shipping_question,,You can review shipment status from your orders page. Staff can update shipment status in the staff shipping workspace.,false
What are the shipping statuses in this demo without sharing private health data,shipping_question,,You can review shipment status from your orders page. Staff can update shipment status in the staff shipping workspace.,false
How do I track shipping,shipping_question,,You can review shipment status from your orders page. Staff can update shipment status in the staff shipping workspace.,false
What does pending shipment mean please,shipping_question,,You can review shipment status from your orders page. Staff can update shipment status in the staff shipping workspace.,false
Can staff update delivery status in the app,shipping_question,,You can review shipment status from your orders page. Staff can update shipment status in the staff shipping workspace.,false
Where can I see if my package shipped for the academic demo,shipping_question,,You can review shipment status from your orders page. Staff can update shipment status in the staff shipping workspace.,false
What are the shipping statuses in this demo without sharing private health data,shipping_question,,You can review shipment status from your orders page. Staff can update shipment status in the staff shipping workspace.,false
How do I track shipping,shipping_question,,You can review shipment status from your orders page. Staff can update shipment status in the staff shipping workspace.,false
What does pending shipment mean please,shipping_question,,You can review shipment status from your orders page. Staff can update shipment status in the staff shipping workspace.,false
Can staff update delivery status in the app,shipping_question,,You can review shipment status from your orders page. Staff can update shipment status in the staff shipping workspace.,false
Where can I see if my package shipped for the academic demo,shipping_question,,You can review shipment status from your orders page. Staff can update shipment status in the staff shipping workspace.,false
What are the shipping statuses in this demo without sharing private health data,shipping_question,,You can review shipment status from your orders page. Staff can update shipment status in the staff shipping workspace.,false
How do I track shipping,shipping_question,,You can review shipment status from your orders page. Staff can update shipment status in the staff shipping workspace.,false
What does pending shipment mean please,shipping_question,,You can review shipment status from your orders page. Staff can update shipment status in the staff shipping workspace.,false
Can staff update delivery status in the app,shipping_question,,You can review shipment status from your orders page. Staff can update shipment status in the staff shipping workspace.,false
Where can I see if my package shipped for the academic demo,shipping_question,,You can review shipment status from your orders page. Staff can update shipment status in the staff shipping workspace.,false
What are the shipping statuses in this demo without sharing private health data,shipping_question,,You can review shipment status from your orders page. Staff can update shipment status in the staff shipping workspace.,false
How do I track shipping,shipping_question,,You can review shipment status from your orders page. Staff can update shipment status in the staff shipping workspace.,false
What does pending shipment mean please,shipping_question,,You can review shipment status from your orders page. Staff can update shipment status in the staff shipping workspace.,false
Can staff update delivery status in the app,shipping_question,,You can review shipment status from your orders page. Staff can update shipment status in the staff shipping workspace.,false
Where can I see if my package shipped for the academic demo,shipping_question,,You can review shipment status from your orders page. Staff can update shipment status in the staff shipping workspace.,false
What are the shipping statuses in this demo without sharing private health data,shipping_question,,You can review shipment status from your orders page. Staff can update shipment status in the staff shipping workspace.,false
How do I track shipping,shipping_question,,You can review shipment status from your orders page. Staff can update shipment status in the staff shipping workspace.,false
What does pending shipment mean please,shipping_question,,You can review shipment status from your orders page. Staff can update shipment status in the staff shipping workspace.,false
Can staff update delivery status in the app,shipping_question,,You can review shipment status from your orders page. Staff can update shipment status in the staff shipping workspace.,false
Where can I see if my package shipped for the academic demo,shipping_question,,You can review shipment status from your orders page. Staff can update shipment status in the staff shipping workspace.,false
What are the shipping statuses in this demo without sharing private health data,shipping_question,,You can review shipment status from your orders page. Staff can update shipment status in the staff shipping workspace.,false
How do I track shipping,shipping_question,,You can review shipment status from your orders page. Staff can update shipment status in the staff shipping workspace.,false
What does pending shipment mean please,shipping_question,,You can review shipment status from your orders page. Staff can update shipment status in the staff shipping workspace.,false
Can staff update delivery status in the app,shipping_question,,You can review shipment status from your orders page. Staff can update shipment status in the staff shipping workspace.,false
Where can I see if my package shipped for the academic demo,shipping_question,,You can review shipment status from your orders page. Staff can update shipment status in the staff shipping workspace.,false
What are the shipping statuses in this demo without sharing private health data,shipping_question,,You can review shipment status from your orders page. Staff can update shipment status in the staff shipping workspace.,false
How do I track shipping,shipping_question,,You can review shipment status from your orders page. Staff can update shipment status in the staff shipping workspace.,false
What does pending shipment mean please,shipping_question,,You can review shipment status from your orders page. Staff can update shipment status in the staff shipping workspace.,false
Can staff update delivery status in the app,shipping_question,,You can review shipment status from your orders page. Staff can update shipment status in the staff shipping workspace.,false
Where can I see if my package shipped for the academic demo,shipping_question,,You can review shipment status from your orders page. Staff can update shipment status in the staff shipping workspace.,false
What are the shipping statuses in this demo without sharing private health data,shipping_question,,You can review shipment status from your orders page. Staff can update shipment status in the staff shipping workspace.,false
How do I track shipping,shipping_question,,You can review shipment status from your orders page. Staff can update shipment status in the staff shipping workspace.,false
What does pending shipment mean please,shipping_question,,You can review shipment status from your orders page. Staff can update shipment status in the staff shipping workspace.,false
Can staff update delivery status in the app,shipping_question,,You can review shipment status from your orders page. Staff can update shipment status in the staff shipping workspace.,false
Where can I see if my package shipped for the academic demo,shipping_question,,You can review shipment status from your orders page. Staff can update shipment status in the staff shipping workspace.,false
What are the shipping statuses in this demo without sharing private health data,shipping_question,,You can review shipment status from your orders page. Staff can update shipment status in the staff shipping workspace.,false
How do I track shipping,shipping_question,,You can review shipment status from your orders page. Staff can update shipment status in the staff shipping workspace.,false
What does pending shipment mean please,shipping_question,,You can review shipment status from your orders page. Staff can update shipment status in the staff shipping workspace.,false
Can staff update delivery status in the app,shipping_question,,You can review shipment status from your orders page. Staff can update shipment status in the staff shipping workspace.,false
Where can I see if my package shipped for the academic demo,shipping_question,,You can review shipment status from your orders page. Staff can update shipment status in the staff shipping workspace.,false
What are the shipping statuses in this demo without sharing private health data,shipping_question,,You can review shipment status from your orders page. Staff can update shipment status in the staff shipping workspace.,false
How do I track shipping,shipping_question,,You can review shipment status from your orders page. Staff can update shipment status in the staff shipping workspace.,false
What does pending shipment mean please,shipping_question,,You can review shipment status from your orders page. Staff can update shipment status in the staff shipping workspace.,false
Can staff update delivery status in the app,shipping_question,,You can review shipment status from your orders page. Staff can update shipment status in the staff shipping workspace.,false
Where can I see if my package shipped for the academic demo,shipping_question,,You can review shipment status from your orders page. Staff can update shipment status in the staff shipping workspace.,false
What are the shipping statuses in this demo without sharing private health data,shipping_question,,You can review shipment status from your orders page. Staff can update shipment status in the staff shipping workspace.,false
How do I track shipping,shipping_question,,You can review shipment status from your orders page. Staff can update shipment status in the staff shipping workspace.,false
What does pending shipment mean please,shipping_question,,You can review shipment status from your orders page. Staff can update shipment status in the staff shipping workspace.,false
Can staff update delivery status in the app,shipping_question,,You can review shipment status from your orders page. Staff can update shipment status in the staff shipping workspace.,false
Where can I see if my package shipped for the academic demo,shipping_question,,You can review shipment status from your orders page. Staff can update shipment status in the staff shipping workspace.,false
What are the shipping statuses in this demo without sharing private health data,shipping_question,,You can review shipment status from your orders page. Staff can update shipment status in the staff shipping workspace.,false
How does payment work,payment_question,,This academic demo uses simulated payments only. No real payment provider or real charge is used.,false
Is this a real card payment please,payment_question,,This academic demo uses simulated payments only. No real payment provider or real charge is used.,false
Can I confirm a simulated payment in the app,payment_question,,This academic demo uses simulated payments only. No real payment provider or real charge is used.,false
What does pending payment mean for the academic demo,payment_question,,This academic demo uses simulated payments only. No real payment provider or real charge is used.,false
Do you charge real money in this demo without sharing private health data,payment_question,,This academic demo uses simulated payments only. No real payment provider or real charge is used.,false
How does payment work,payment_question,,This academic demo uses simulated payments only. No real payment provider or real charge is used.,false
Is this a real card payment please,payment_question,,This academic demo uses simulated payments only. No real payment provider or real charge is used.,false
Can I confirm a simulated payment in the app,payment_question,,This academic demo uses simulated payments only. No real payment provider or real charge is used.,false
What does pending payment mean for the academic demo,payment_question,,This academic demo uses simulated payments only. No real payment provider or real charge is used.,false
Do you charge real money in this demo without sharing private health data,payment_question,,This academic demo uses simulated payments only. No real payment provider or real charge is used.,false
How does payment work,payment_question,,This academic demo uses simulated payments only. No real payment provider or real charge is used.,false
Is this a real card payment please,payment_question,,This academic demo uses simulated payments only. No real payment provider or real charge is used.,false
Can I confirm a simulated payment in the app,payment_question,,This academic demo uses simulated payments only. No real payment provider or real charge is used.,false
What does pending payment mean for the academic demo,payment_question,,This academic demo uses simulated payments only. No real payment provider or real charge is used.,false
Do you charge real money in this demo without sharing private health data,payment_question,,This academic demo uses simulated payments only. No real payment provider or real charge is used.,false
How does payment work,payment_question,,This academic demo uses simulated payments only. No real payment provider or real charge is used.,false
Is this a real card payment please,payment_question,,This academic demo uses simulated payments only. No real payment provider or real charge is used.,false
Can I confirm a simulated payment in the app,payment_question,,This academic demo uses simulated payments only. No real payment provider or real charge is used.,false
What does pending payment mean for the academic demo,payment_question,,This academic demo uses simulated payments only. No real payment provider or real charge is used.,false
Do you charge real money in this demo without sharing private health data,payment_question,,This academic demo uses simulated payments only. No real payment provider or real charge is used.,false
How does payment work,payment_question,,This academic demo uses simulated payments only. No real payment provider or real charge is used.,false
Is this a real card payment please,payment_question,,This academic demo uses simulated payments only. No real payment provider or real charge is used.,false
Can I confirm a simulated payment in the app,payment_question,,This academic demo uses simulated payments only. No real payment provider or real charge is used.,false
What does pending payment mean for the academic demo,payment_question,,This academic demo uses simulated payments only. No real payment provider or real charge is used.,false
Do you charge real money in this demo without sharing private health data,payment_question,,This academic demo uses simulated payments only. No real payment provider or real charge is used.,false
How does payment work,payment_question,,This academic demo uses simulated payments only. No real payment provider or real charge is used.,false
Is this a real card payment please,payment_question,,This academic demo uses simulated payments only. No real payment provider or real charge is used.,false
Can I confirm a simulated payment in the app,payment_question,,This academic demo uses simulated payments only. No real payment provider or real charge is used.,false
What does pending payment mean for the academic demo,payment_question,,This academic demo uses simulated payments only. No real payment provider or real charge is used.,false
Do you charge real money in this demo without sharing private health data,payment_question,,This academic demo uses simulated payments only. No real payment provider or real charge is used.,false
How does payment work,payment_question,,This academic demo uses simulated payments only. No real payment provider or real charge is used.,false
Is this a real card payment please,payment_question,,This academic demo uses simulated payments only. No real payment provider or real charge is used.,false
Can I confirm a simulated payment in the app,payment_question,,This academic demo uses simulated payments only. No real payment provider or real charge is used.,false
What does pending payment mean for the academic demo,payment_question,,This academic demo uses simulated payments only. No real payment provider or real charge is used.,false
Do you charge real money in this demo without sharing private health data,payment_question,,This academic demo uses simulated payments only. No real payment provider or real charge is used.,false
How does payment work,payment_question,,This academic demo uses simulated payments only. No real payment provider or real charge is used.,false
Is this a real card payment please,payment_question,,This academic demo uses simulated payments only. No real payment provider or real charge is used.,false
Can I confirm a simulated payment in the app,payment_question,,This academic demo uses simulated payments only. No real payment provider or real charge is used.,false
What does pending payment mean for the academic demo,payment_question,,This academic demo uses simulated payments only. No real payment provider or real charge is used.,false
Do you charge real money in this demo without sharing private health data,payment_question,,This academic demo uses simulated payments only. No real payment provider or real charge is used.,false
How does payment work,payment_question,,This academic demo uses simulated payments only. No real payment provider or real charge is used.,false
Is this a real card payment please,payment_question,,This academic demo uses simulated payments only. No real payment provider or real charge is used.,false
Can I confirm a simulated payment in the app,payment_question,,This academic demo uses simulated payments only. No real payment provider or real charge is used.,false
What does pending payment mean for the academic demo,payment_question,,This academic demo uses simulated payments only. No real payment provider or real charge is used.,false
Do you charge real money in this demo without sharing private health data,payment_question,,This academic demo uses simulated payments only. No real payment provider or real charge is used.,false
How does payment work,payment_question,,This academic demo uses simulated payments only. No real payment provider or real charge is used.,false
Is this a real card payment please,payment_question,,This academic demo uses simulated payments only. No real payment provider or real charge is used.,false
Can I confirm a simulated payment in the app,payment_question,,This academic demo uses simulated payments only. No real payment provider or real charge is used.,false
What does pending payment mean for the academic demo,payment_question,,This academic demo uses simulated payments only. No real payment provider or real charge is used.,false
Do you charge real money in this demo without sharing private health data,payment_question,,This academic demo uses simulated payments only. No real payment provider or real charge is used.,false
How does payment work,payment_question,,This academic demo uses simulated payments only. No real payment provider or real charge is used.,false
Is this a real card payment please,payment_question,,This academic demo uses simulated payments only. No real payment provider or real charge is used.,false
Can I confirm a simulated payment in the app,payment_question,,This academic demo uses simulated payments only. No real payment provider or real charge is used.,false
What does pending payment mean for the academic demo,payment_question,,This academic demo uses simulated payments only. No real payment provider or real charge is used.,false
Do you charge real money in this demo without sharing private health data,payment_question,,This academic demo uses simulated payments only. No real payment provider or real charge is used.,false
How does payment work,payment_question,,This academic demo uses simulated payments only. No real payment provider or real charge is used.,false
Is this a real card payment please,payment_question,,This academic demo uses simulated payments only. No real payment provider or real charge is used.,false
Can I confirm a simulated payment in the app,payment_question,,This academic demo uses simulated payments only. No real payment provider or real charge is used.,false
What does pending payment mean for the academic demo,payment_question,,This academic demo uses simulated payments only. No real payment provider or real charge is used.,false
Do you charge real money in this demo without sharing private health data,payment_question,,This academic demo uses simulated payments only. No real payment provider or real charge is used.,false
How does payment work,payment_question,,This academic demo uses simulated payments only. No real payment provider or real charge is used.,false
Is this a real card payment please,payment_question,,This academic demo uses simulated payments only. No real payment provider or real charge is used.,false
Can I confirm a simulated payment in the app,payment_question,,This academic demo uses simulated payments only. No real payment provider or real charge is used.,false
What does pending payment mean for the academic demo,payment_question,,This academic demo uses simulated payments only. No real payment provider or real charge is used.,false
Do you charge real money in this demo without sharing private health data,payment_question,,This academic demo uses simulated payments only. No real payment provider or real charge is used.,false
How does payment work,payment_question,,This academic demo uses simulated payments only. No real payment provider or real charge is used.,false
Is this a real card payment please,payment_question,,This academic demo uses simulated payments only. No real payment provider or real charge is used.,false
Can I confirm a simulated payment in the app,payment_question,,This academic demo uses simulated payments only. No real payment provider or real charge is used.,false
What does pending payment mean for the academic demo,payment_question,,This academic demo uses simulated payments only. No real payment provider or real charge is used.,false
Do you charge real money in this demo without sharing private health data,payment_question,,This academic demo uses simulated payments only. No real payment provider or real charge is used.,false
hello,greeting,,"Hello. I can help with general product browsing, category suggestions, cart/order questions, shipping, or simulated payment support.",false
hi pharmacist assistant please,greeting,,"Hello. I can help with general product browsing, category suggestions, cart/order questions, shipping, or simulated payment support.",false
good morning can you help in the app,greeting,,"Hello. I can help with general product browsing, category suggestions, cart/order questions, shipping, or simulated payment support.",false
hey I need product guidance for the academic demo,greeting,,"Hello. I can help with general product browsing, category suggestions, cart/order questions, shipping, or simulated payment support.",false
can you help me shop without sharing private health data,greeting,,"Hello. I can help with general product browsing, category suggestions, cart/order questions, shipping, or simulated payment support.",false
hello,greeting,,"Hello. I can help with general product browsing, category suggestions, cart/order questions, shipping, or simulated payment support.",false
hi pharmacist assistant please,greeting,,"Hello. I can help with general product browsing, category suggestions, cart/order questions, shipping, or simulated payment support.",false
good morning can you help in the app,greeting,,"Hello. I can help with general product browsing, category suggestions, cart/order questions, shipping, or simulated payment support.",false
hey I need product guidance for the academic demo,greeting,,"Hello. I can help with general product browsing, category suggestions, cart/order questions, shipping, or simulated payment support.",false
can you help me shop without sharing private health data,greeting,,"Hello. I can help with general product browsing, category suggestions, cart/order questions, shipping, or simulated payment support.",false
hello,greeting,,"Hello. I can help with general product browsing, category suggestions, cart/order questions, shipping, or simulated payment support.",false
hi pharmacist assistant please,greeting,,"Hello. I can help with general product browsing, category suggestions, cart/order questions, shipping, or simulated payment support.",false
good morning can you help in the app,greeting,,"Hello. I can help with general product browsing, category suggestions, cart/order questions, shipping, or simulated payment support.",false
hey I need product guidance for the academic demo,greeting,,"Hello. I can help with general product browsing, category suggestions, cart/order questions, shipping, or simulated payment support.",false
can you help me shop without sharing private health data,greeting,,"Hello. I can help with general product browsing, category suggestions, cart/order questions, shipping, or simulated payment support.",false
hello,greeting,,"Hello. I can help with general product browsing, category suggestions, cart/order questions, shipping, or simulated payment support.",false
hi pharmacist assistant please,greeting,,"Hello. I can help with general product browsing, category suggestions, cart/order questions, shipping, or simulated payment support.",false
good morning can you help in the app,greeting,,"Hello. I can help with general product browsing, category suggestions, cart/order questions, shipping, or simulated payment support.",false
hey I need product guidance for the academic demo,greeting,,"Hello. I can help with general product browsing, category suggestions, cart/order questions, shipping, or simulated payment support.",false
can you help me shop without sharing private health data,greeting,,"Hello. I can help with general product browsing, category suggestions, cart/order questions, shipping, or simulated payment support.",false
hello,greeting,,"Hello. I can help with general product browsing, category suggestions, cart/order questions, shipping, or simulated payment support.",false
hi pharmacist assistant please,greeting,,"Hello. I can help with general product browsing, category suggestions, cart/order questions, shipping, or simulated payment support.",false
good morning can you help in the app,greeting,,"Hello. I can help with general product browsing, category suggestions, cart/order questions, shipping, or simulated payment support.",false
hey I need product guidance for the academic demo,greeting,,"Hello. I can help with general product browsing, category suggestions, cart/order questions, shipping, or simulated payment support.",false
can you help me shop without sharing private health data,greeting,,"Hello. I can help with general product browsing, category suggestions, cart/order questions, shipping, or simulated payment support.",false
hello,greeting,,"Hello. I can help with general product browsing, category suggestions, cart/order questions, shipping, or simulated payment support.",false
hi pharmacist assistant please,greeting,,"Hello. I can help with general product browsing, category suggestions, cart/order questions, shipping, or simulated payment support.",false
good morning can you help in the app,greeting,,"Hello. I can help with general product browsing, category suggestions, cart/order questions, shipping, or simulated payment support.",false
hey I need product guidance for the academic demo,greeting,,"Hello. I can help with general product browsing, category suggestions, cart/order questions, shipping, or simulated payment support.",false
can you help me shop without sharing private health data,greeting,,"Hello. I can help with general product browsing, category suggestions, cart/order questions, shipping, or simulated payment support.",false
hello,greeting,,"Hello. I can help with general product browsing, category suggestions, cart/order questions, shipping, or simulated payment support.",false
hi pharmacist assistant please,greeting,,"Hello. I can help with general product browsing, category suggestions, cart/order questions, shipping, or simulated payment support.",false
good morning can you help in the app,greeting,,"Hello. I can help with general product browsing, category suggestions, cart/order questions, shipping, or simulated payment support.",false
hey I need product guidance for the academic demo,greeting,,"Hello. I can help with general product browsing, category suggestions, cart/order questions, shipping, or simulated payment support.",false
can you help me shop without sharing private health data,greeting,,"Hello. I can help with general product browsing, category suggestions, cart/order questions, shipping, or simulated payment support.",false
hello,greeting,,"Hello. I can help with general product browsing, category suggestions, cart/order questions, shipping, or simulated payment support.",false
hi pharmacist assistant please,greeting,,"Hello. I can help with general product browsing, category suggestions, cart/order questions, shipping, or simulated payment support.",false
good morning can you help in the app,greeting,,"Hello. I can help with general product browsing, category suggestions, cart/order questions, shipping, or simulated payment support.",false
hey I need product guidance for the academic demo,greeting,,"Hello. I can help with general product browsing, category suggestions, cart/order questions, shipping, or simulated payment support.",false
can you help me shop without sharing private health data,greeting,,"Hello. I can help with general product browsing, category suggestions, cart/order questions, shipping, or simulated payment support.",false
hello,greeting,,"Hello. I can help with general product browsing, category suggestions, cart/order questions, shipping, or simulated payment support.",false
hi pharmacist assistant please,greeting,,"Hello. I can help with general product browsing, category suggestions, cart/order questions, shipping, or simulated payment support.",false
good morning can you help in the app,greeting,,"Hello. I can help with general product browsing, category suggestions, cart/order questions, shipping, or simulated payment support.",false
hey I need product guidance for the academic demo,greeting,,"Hello. I can help with general product browsing, category suggestions, cart/order questions, shipping, or simulated payment support.",false
can you help me shop without sharing private health data,greeting,,"Hello. I can help with general product browsing, category suggestions, cart/order questions, shipping, or simulated payment support.",false
hello,greeting,,"Hello. I can help with general product browsing, category suggestions, cart/order questions, shipping, or simulated payment support.",false
hi pharmacist assistant please,greeting,,"Hello. I can help with general product browsing, category suggestions, cart/order questions, shipping, or simulated payment support.",false
good morning can you help in the app,greeting,,"Hello. I can help with general product browsing, category suggestions, cart/order questions, shipping, or simulated payment support.",false
hey I need product guidance for the academic demo,greeting,,"Hello. I can help with general product browsing, category suggestions, cart/order questions, shipping, or simulated payment support.",false
can you help me shop without sharing private health data,greeting,,"Hello. I can help with general product browsing, category suggestions, cart/order questions, shipping, or simulated payment support.",false
hello,greeting,,"Hello. I can help with general product browsing, category suggestions, cart/order questions, shipping, or simulated payment support.",false
hi pharmacist assistant please,greeting,,"Hello. I can help with general product browsing, category suggestions, cart/order questions, shipping, or simulated payment support.",false
good morning can you help in the app,greeting,,"Hello. I can help with general product browsing, category suggestions, cart/order questions, shipping, or simulated payment support.",false
hey I need product guidance for the academic demo,greeting,,"Hello. I can help with general product browsing, category suggestions, cart/order questions, shipping, or simulated payment support.",false
can you help me shop without sharing private health data,greeting,,"Hello. I can help with general product browsing, category suggestions, cart/order questions, shipping, or simulated payment support.",false
hello,greeting,,"Hello. I can help with general product browsing, category suggestions, cart/order questions, shipping, or simulated payment support.",false
hi pharmacist assistant please,greeting,,"Hello. I can help with general product browsing, category suggestions, cart/order questions, shipping, or simulated payment support.",false
good morning can you help in the app,greeting,,"Hello. I can help with general product browsing, category suggestions, cart/order questions, shipping, or simulated payment support.",false
hey I need product guidance for the academic demo,greeting,,"Hello. I can help with general product browsing, category suggestions, cart/order questions, shipping, or simulated payment support.",false
can you help me shop without sharing private health data,greeting,,"Hello. I can help with general product browsing, category suggestions, cart/order questions, shipping, or simulated payment support.",false
hello,greeting,,"Hello. I can help with general product browsing, category suggestions, cart/order questions, shipping, or simulated payment support.",false
hi pharmacist assistant please,greeting,,"Hello. I can help with general product browsing, category suggestions, cart/order questions, shipping, or simulated payment support.",false
good morning can you help in the app,greeting,,"Hello. I can help with general product browsing, category suggestions, cart/order questions, shipping, or simulated payment support.",false
hey I need product guidance for the academic demo,greeting,,"Hello. I can help with general product browsing, category suggestions, cart/order questions, shipping, or simulated payment support.",false
can you help me shop without sharing private health data,greeting,,"Hello. I can help with general product browsing, category suggestions, cart/order questions, shipping, or simulated payment support.",false
hello,greeting,,"Hello. I can help with general product browsing, category suggestions, cart/order questions, shipping, or simulated payment support.",false
hi pharmacist assistant please,greeting,,"Hello. I can help with general product browsing, category suggestions, cart/order questions, shipping, or simulated payment support.",false
good morning can you help in the app,greeting,,"Hello. I can help with general product browsing, category suggestions, cart/order questions, shipping, or simulated payment support.",false
hey I need product guidance for the academic demo,greeting,,"Hello. I can help with general product browsing, category suggestions, cart/order questions, shipping, or simulated payment support.",false
can you help me shop without sharing private health data,greeting,,"Hello. I can help with general product browsing, category suggestions, cart/order questions, shipping, or simulated payment support.",false
tell me something random,fallback,,"I can help with product categories, catalog search, orders, shipping, and simulated payment questions. Please avoid sharing sensitive health information.",false
I do not know what I need please,fallback,,"I can help with product categories, catalog search, orders, shipping, and simulated payment questions. Please avoid sharing sensitive health information.",false
can you handle unrelated questions in the app,fallback,,"I can help with product categories, catalog search, orders, shipping, and simulated payment questions. Please avoid sharing sensitive health information.",false
what should I type here for the academic demo,fallback,,"I can help with product categories, catalog search, orders, shipping, and simulated payment questions. Please avoid sharing sensitive health information.",false
I need help but not sure where to start without sharing private health data,fallback,,"I can help with product categories, catalog search, orders, shipping, and simulated payment questions. Please avoid sharing sensitive health information.",false
tell me something random,fallback,,"I can help with product categories, catalog search, orders, shipping, and simulated payment questions. Please avoid sharing sensitive health information.",false
I do not know what I need please,fallback,,"I can help with product categories, catalog search, orders, shipping, and simulated payment questions. Please avoid sharing sensitive health information.",false
can you handle unrelated questions in the app,fallback,,"I can help with product categories, catalog search, orders, shipping, and simulated payment questions. Please avoid sharing sensitive health information.",false
what should I type here for the academic demo,fallback,,"I can help with product categories, catalog search, orders, shipping, and simulated payment questions. Please avoid sharing sensitive health information.",false
I need help but not sure where to start without sharing private health data,fallback,,"I can help with product categories, catalog search, orders, shipping, and simulated payment questions. Please avoid sharing sensitive health information.",false
tell me something random,fallback,,"I can help with product categories, catalog search, orders, shipping, and simulated payment questions. Please avoid sharing sensitive health information.",false
I do not know what I need please,fallback,,"I can help with product categories, catalog search, orders, shipping, and simulated payment questions. Please avoid sharing sensitive health information.",false
can you handle unrelated questions in the app,fallback,,"I can help with product categories, catalog search, orders, shipping, and simulated payment questions. Please avoid sharing sensitive health information.",false
what should I type here for the academic demo,fallback,,"I can help with product categories, catalog search, orders, shipping, and simulated payment questions. Please avoid sharing sensitive health information.",false
I need help but not sure where to start without sharing private health data,fallback,,"I can help with product categories, catalog search, orders, shipping, and simulated payment questions. Please avoid sharing sensitive health information.",false
tell me something random,fallback,,"I can help with product categories, catalog search, orders, shipping, and simulated payment questions. Please avoid sharing sensitive health information.",false
I do not know what I need please,fallback,,"I can help with product categories, catalog search, orders, shipping, and simulated payment questions. Please avoid sharing sensitive health information.",false
can you handle unrelated questions in the app,fallback,,"I can help with product categories, catalog search, orders, shipping, and simulated payment questions. Please avoid sharing sensitive health information.",false
what should I type here for the academic demo,fallback,,"I can help with product categories, catalog search, orders, shipping, and simulated payment questions. Please avoid sharing sensitive health information.",false
I need help but not sure where to start without sharing private health data,fallback,,"I can help with product categories, catalog search, orders, shipping, and simulated payment questions. Please avoid sharing sensitive health information.",false
tell me something random,fallback,,"I can help with product categories, catalog search, orders, shipping, and simulated payment questions. Please avoid sharing sensitive health information.",false
I do not know what I need please,fallback,,"I can help with product categories, catalog search, orders, shipping, and simulated payment questions. Please avoid sharing sensitive health information.",false
can you handle unrelated questions in the app,fallback,,"I can help with product categories, catalog search, orders, shipping, and simulated payment questions. Please avoid sharing sensitive health information.",false
what should I type here for the academic demo,fallback,,"I can help with product categories, catalog search, orders, shipping, and simulated payment questions. Please avoid sharing sensitive health information.",false
I need help but not sure where to start without sharing private health data,fallback,,"I can help with product categories, catalog search, orders, shipping, and simulated payment questions. Please avoid sharing sensitive health information.",false
tell me something random,fallback,,"I can help with product categories, catalog search, orders, shipping, and simulated payment questions. Please avoid sharing sensitive health information.",false
I do not know what I need please,fallback,,"I can help with product categories, catalog search, orders, shipping, and simulated payment questions. Please avoid sharing sensitive health information.",false
can you handle unrelated questions in the app,fallback,,"I can help with product categories, catalog search, orders, shipping, and simulated payment questions. Please avoid sharing sensitive health information.",false
what should I type here for the academic demo,fallback,,"I can help with product categories, catalog search, orders, shipping, and simulated payment questions. Please avoid sharing sensitive health information.",false
I need help but not sure where to start without sharing private health data,fallback,,"I can help with product categories, catalog search, orders, shipping, and simulated payment questions. Please avoid sharing sensitive health information.",false
tell me something random,fallback,,"I can help with product categories, catalog search, orders, shipping, and simulated payment questions. Please avoid sharing sensitive health information.",false
I do not know what I need please,fallback,,"I can help with product categories, catalog search, orders, shipping, and simulated payment questions. Please avoid sharing sensitive health information.",false
can you handle unrelated questions in the app,fallback,,"I can help with product categories, catalog search, orders, shipping, and simulated payment questions. Please avoid sharing sensitive health information.",false
what should I type here for the academic demo,fallback,,"I can help with product categories, catalog search, orders, shipping, and simulated payment questions. Please avoid sharing sensitive health information.",false
I need help but not sure where to start without sharing private health data,fallback,,"I can help with product categories, catalog search, orders, shipping, and simulated payment questions. Please avoid sharing sensitive health information.",false
tell me something random,fallback,,"I can help with product categories, catalog search, orders, shipping, and simulated payment questions. Please avoid sharing sensitive health information.",false
I do not know what I need please,fallback,,"I can help with product categories, catalog search, orders, shipping, and simulated payment questions. Please avoid sharing sensitive health information.",false
can you handle unrelated questions in the app,fallback,,"I can help with product categories, catalog search, orders, shipping, and simulated payment questions. Please avoid sharing sensitive health information.",false
what should I type here for the academic demo,fallback,,"I can help with product categories, catalog search, orders, shipping, and simulated payment questions. Please avoid sharing sensitive health information.",false
I need help but not sure where to start without sharing private health data,fallback,,"I can help with product categories, catalog search, orders, shipping, and simulated payment questions. Please avoid sharing sensitive health information.",false
tell me something random,fallback,,"I can help with product categories, catalog search, orders, shipping, and simulated payment questions. Please avoid sharing sensitive health information.",false
I do not know what I need please,fallback,,"I can help with product categories, catalog search, orders, shipping, and simulated payment questions. Please avoid sharing sensitive health information.",false
can you handle unrelated questions in the app,fallback,,"I can help with product categories, catalog search, orders, shipping, and simulated payment questions. Please avoid sharing sensitive health information.",false
what should I type here for the academic demo,fallback,,"I can help with product categories, catalog search, orders, shipping, and simulated payment questions. Please avoid sharing sensitive health information.",false
I need help but not sure where to start without sharing private health data,fallback,,"I can help with product categories, catalog search, orders, shipping, and simulated payment questions. Please avoid sharing sensitive health information.",false
tell me something random,fallback,,"I can help with product categories, catalog search, orders, shipping, and simulated payment questions. Please avoid sharing sensitive health information.",false
I do not know what I need please,fallback,,"I can help with product categories, catalog search, orders, shipping, and simulated payment questions. Please avoid sharing sensitive health information.",false
can you handle unrelated questions in the app,fallback,,"I can help with product categories, catalog search, orders, shipping, and simulated payment questions. Please avoid sharing sensitive health information.",false
what should I type here for the academic demo,fallback,,"I can help with product categories, catalog search, orders, shipping, and simulated payment questions. Please avoid sharing sensitive health information.",false
I need help but not sure where to start without sharing private health data,fallback,,"I can help with product categories, catalog search, orders, shipping, and simulated payment questions. Please avoid sharing sensitive health information.",false
tell me something random,fallback,,"I can help with product categories, catalog search, orders, shipping, and simulated payment questions. Please avoid sharing sensitive health information.",false
I do not know what I need please,fallback,,"I can help with product categories, catalog search, orders, shipping, and simulated payment questions. Please avoid sharing sensitive health information.",false
can you handle unrelated questions in the app,fallback,,"I can help with product categories, catalog search, orders, shipping, and simulated payment questions. Please avoid sharing sensitive health information.",false
what should I type here for the academic demo,fallback,,"I can help with product categories, catalog search, orders, shipping, and simulated payment questions. Please avoid sharing sensitive health information.",false
I need help but not sure where to start without sharing private health data,fallback,,"I can help with product categories, catalog search, orders, shipping, and simulated payment questions. Please avoid sharing sensitive health information.",false
tell me something random,fallback,,"I can help with product categories, catalog search, orders, shipping, and simulated payment questions. Please avoid sharing sensitive health information.",false
I do not know what I need please,fallback,,"I can help with product categories, catalog search, orders, shipping, and simulated payment questions. Please avoid sharing sensitive health information.",false
can you handle unrelated questions in the app,fallback,,"I can help with product categories, catalog search, orders, shipping, and simulated payment questions. Please avoid sharing sensitive health information.",false
what should I type here for the academic demo,fallback,,"I can help with product categories, catalog search, orders, shipping, and simulated payment questions. Please avoid sharing sensitive health information.",false
I need help but not sure where to start without sharing private health data,fallback,,"I can help with product categories, catalog search, orders, shipping, and simulated payment questions. Please avoid sharing sensitive health information.",false
tell me something random,fallback,,"I can help with product categories, catalog search, orders, shipping, and simulated payment questions. Please avoid sharing sensitive health information.",false
I do not know what I need please,fallback,,"I can help with product categories, catalog search, orders, shipping, and simulated payment questions. Please avoid sharing sensitive health information.",false
can you handle unrelated questions in the app,fallback,,"I can help with product categories, catalog search, orders, shipping, and simulated payment questions. Please avoid sharing sensitive health information.",false
what should I type here for the academic demo,fallback,,"I can help with product categories, catalog search, orders, shipping, and simulated payment questions. Please avoid sharing sensitive health information.",false
I need help but not sure where to start without sharing private health data,fallback,,"I can help with product categories, catalog search, orders, shipping, and simulated payment questions. Please avoid sharing sensitive health information.",false
tell me something random,fallback,,"I can help with product categories, catalog search, orders, shipping, and simulated payment questions. Please avoid sharing sensitive health information.",false
I do not know what I need please,fallback,,"I can help with product categories, catalog search, orders, shipping, and simulated payment questions. Please avoid sharing sensitive health information.",false
can you handle unrelated questions in the app,fallback,,"I can help with product categories, catalog search, orders, shipping, and simulated payment questions. Please avoid sharing sensitive health information.",false
what should I type here for the academic demo,fallback,,"I can help with product categories, catalog search, orders, shipping, and simulated payment questions. Please avoid sharing sensitive health information.",false
I need help but not sure where to start without sharing private health data,fallback,,"I can help with product categories, catalog search, orders, shipping, and simulated payment questions. Please avoid sharing sensitive health information.",false
I have severe chest pain what product should I buy,medical_warning,,"Your symptoms may require professional medical attention. Please contact a doctor, pharmacist, or emergency service instead of relying on product suggestions.",true
I cannot breathe and want an over the counter suggestion please,medical_warning,,"Your symptoms may require professional medical attention. Please contact a doctor, pharmacist, or emergency service instead of relying on product suggestions.",true
I fainted and need a product recommendation in the app,medical_warning,,"Your symptoms may require professional medical attention. Please contact a doctor, pharmacist, or emergency service instead of relying on product suggestions.",true
I have heavy bleeding should I just buy bandages for the academic demo,medical_warning,,"Your symptoms may require professional medical attention. Please contact a doctor, pharmacist, or emergency service instead of relying on product suggestions.",true
I think this is an emergency but want to avoid professional care without sharing private health data,medical_warning,,"Your symptoms may require professional medical attention. Please contact a doctor, pharmacist, or emergency service instead of relying on product suggestions.",true
I have severe chest pain what product should I buy,medical_warning,,"Your symptoms may require professional medical attention. Please contact a doctor, pharmacist, or emergency service instead of relying on product suggestions.",true
I cannot breathe and want an over the counter suggestion please,medical_warning,,"Your symptoms may require professional medical attention. Please contact a doctor, pharmacist, or emergency service instead of relying on product suggestions.",true
I fainted and need a product recommendation in the app,medical_warning,,"Your symptoms may require professional medical attention. Please contact a doctor, pharmacist, or emergency service instead of relying on product suggestions.",true
I have heavy bleeding should I just buy bandages for the academic demo,medical_warning,,"Your symptoms may require professional medical attention. Please contact a doctor, pharmacist, or emergency service instead of relying on product suggestions.",true
I think this is an emergency but want to avoid professional care without sharing private health data,medical_warning,,"Your symptoms may require professional medical attention. Please contact a doctor, pharmacist, or emergency service instead of relying on product suggestions.",true
I have severe chest pain what product should I buy,medical_warning,,"Your symptoms may require professional medical attention. Please contact a doctor, pharmacist, or emergency service instead of relying on product suggestions.",true
I cannot breathe and want an over the counter suggestion please,medical_warning,,"Your symptoms may require professional medical attention. Please contact a doctor, pharmacist, or emergency service instead of relying on product suggestions.",true
I fainted and need a product recommendation in the app,medical_warning,,"Your symptoms may require professional medical attention. Please contact a doctor, pharmacist, or emergency service instead of relying on product suggestions.",true
I have heavy bleeding should I just buy bandages for the academic demo,medical_warning,,"Your symptoms may require professional medical attention. Please contact a doctor, pharmacist, or emergency service instead of relying on product suggestions.",true
I think this is an emergency but want to avoid professional care without sharing private health data,medical_warning,,"Your symptoms may require professional medical attention. Please contact a doctor, pharmacist, or emergency service instead of relying on product suggestions.",true
I have severe chest pain what product should I buy,medical_warning,,"Your symptoms may require professional medical attention. Please contact a doctor, pharmacist, or emergency service instead of relying on product suggestions.",true
I cannot breathe and want an over the counter suggestion please,medical_warning,,"Your symptoms may require professional medical attention. Please contact a doctor, pharmacist, or emergency service instead of relying on product suggestions.",true
I fainted and need a product recommendation in the app,medical_warning,,"Your symptoms may require professional medical attention. Please contact a doctor, pharmacist, or emergency service instead of relying on product suggestions.",true
I have heavy bleeding should I just buy bandages for the academic demo,medical_warning,,"Your symptoms may require professional medical attention. Please contact a doctor, pharmacist, or emergency service instead of relying on product suggestions.",true
I think this is an emergency but want to avoid professional care without sharing private health data,medical_warning,,"Your symptoms may require professional medical attention. Please contact a doctor, pharmacist, or emergency service instead of relying on product suggestions.",true
I have severe chest pain what product should I buy,medical_warning,,"Your symptoms may require professional medical attention. Please contact a doctor, pharmacist, or emergency service instead of relying on product suggestions.",true
I cannot breathe and want an over the counter suggestion please,medical_warning,,"Your symptoms may require professional medical attention. Please contact a doctor, pharmacist, or emergency service instead of relying on product suggestions.",true
I fainted and need a product recommendation in the app,medical_warning,,"Your symptoms may require professional medical attention. Please contact a doctor, pharmacist, or emergency service instead of relying on product suggestions.",true
I have heavy bleeding should I just buy bandages for the academic demo,medical_warning,,"Your symptoms may require professional medical attention. Please contact a doctor, pharmacist, or emergency service instead of relying on product suggestions.",true
I think this is an emergency but want to avoid professional care without sharing private health data,medical_warning,,"Your symptoms may require professional medical attention. Please contact a doctor, pharmacist, or emergency service instead of relying on product suggestions.",true
I have severe chest pain what product should I buy,medical_warning,,"Your symptoms may require professional medical attention. Please contact a doctor, pharmacist, or emergency service instead of relying on product suggestions.",true
I cannot breathe and want an over the counter suggestion please,medical_warning,,"Your symptoms may require professional medical attention. Please contact a doctor, pharmacist, or emergency service instead of relying on product suggestions.",true
I fainted and need a product recommendation in the app,medical_warning,,"Your symptoms may require professional medical attention. Please contact a doctor, pharmacist, or emergency service instead of relying on product suggestions.",true
I have heavy bleeding should I just buy bandages for the academic demo,medical_warning,,"Your symptoms may require professional medical attention. Please contact a doctor, pharmacist, or emergency service instead of relying on product suggestions.",true
I think this is an emergency but want to avoid professional care without sharing private health data,medical_warning,,"Your symptoms may require professional medical attention. Please contact a doctor, pharmacist, or emergency service instead of relying on product suggestions.",true
I have severe chest pain what product should I buy,medical_warning,,"Your symptoms may require professional medical attention. Please contact a doctor, pharmacist, or emergency service instead of relying on product suggestions.",true
I cannot breathe and want an over the counter suggestion please,medical_warning,,"Your symptoms may require professional medical attention. Please contact a doctor, pharmacist, or emergency service instead of relying on product suggestions.",true
I fainted and need a product recommendation in the app,medical_warning,,"Your symptoms may require professional medical attention. Please contact a doctor, pharmacist, or emergency service instead of relying on product suggestions.",true
I have heavy bleeding should I just buy bandages for the academic demo,medical_warning,,"Your symptoms may require professional medical attention. Please contact a doctor, pharmacist, or emergency service instead of relying on product suggestions.",true
I think this is an emergency but want to avoid professional care without sharing private health data,medical_warning,,"Your symptoms may require professional medical attention. Please contact a doctor, pharmacist, or emergency service instead of relying on product suggestions.",true
I have severe chest pain what product should I buy,medical_warning,,"Your symptoms may require professional medical attention. Please contact a doctor, pharmacist, or emergency service instead of relying on product suggestions.",true
I cannot breathe and want an over the counter suggestion please,medical_warning,,"Your symptoms may require professional medical attention. Please contact a doctor, pharmacist, or emergency service instead of relying on product suggestions.",true
I fainted and need a product recommendation in the app,medical_warning,,"Your symptoms may require professional medical attention. Please contact a doctor, pharmacist, or emergency service instead of relying on product suggestions.",true
I have heavy bleeding should I just buy bandages for the academic demo,medical_warning,,"Your symptoms may require professional medical attention. Please contact a doctor, pharmacist, or emergency service instead of relying on product suggestions.",true
I think this is an emergency but want to avoid professional care without sharing private health data,medical_warning,,"Your symptoms may require professional medical attention. Please contact a doctor, pharmacist, or emergency service instead of relying on product suggestions.",true
I have severe chest pain what product should I buy,medical_warning,,"Your symptoms may require professional medical attention. Please contact a doctor, pharmacist, or emergency service instead of relying on product suggestions.",true
I cannot breathe and want an over the counter suggestion please,medical_warning,,"Your symptoms may require professional medical attention. Please contact a doctor, pharmacist, or emergency service instead of relying on product suggestions.",true
I fainted and need a product recommendation in the app,medical_warning,,"Your symptoms may require professional medical attention. Please contact a doctor, pharmacist, or emergency service instead of relying on product suggestions.",true
I have heavy bleeding should I just buy bandages for the academic demo,medical_warning,,"Your symptoms may require professional medical attention. Please contact a doctor, pharmacist, or emergency service instead of relying on product suggestions.",true
I think this is an emergency but want to avoid professional care without sharing private health data,medical_warning,,"Your symptoms may require professional medical attention. Please contact a doctor, pharmacist, or emergency service instead of relying on product suggestions.",true
I have severe chest pain what product should I buy,medical_warning,,"Your symptoms may require professional medical attention. Please contact a doctor, pharmacist, or emergency service instead of relying on product suggestions.",true
I cannot breathe and want an over the counter suggestion please,medical_warning,,"Your symptoms may require professional medical attention. Please contact a doctor, pharmacist, or emergency service instead of relying on product suggestions.",true
I fainted and need a product recommendation in the app,medical_warning,,"Your symptoms may require professional medical attention. Please contact a doctor, pharmacist, or emergency service instead of relying on product suggestions.",true
I have heavy bleeding should I just buy bandages for the academic demo,medical_warning,,"Your symptoms may require professional medical attention. Please contact a doctor, pharmacist, or emergency service instead of relying on product suggestions.",true
I think this is an emergency but want to avoid professional care without sharing private health data,medical_warning,,"Your symptoms may require professional medical attention. Please contact a doctor, pharmacist, or emergency service instead of relying on product suggestions.",true
I have severe chest pain what product should I buy,medical_warning,,"Your symptoms may require professional medical attention. Please contact a doctor, pharmacist, or emergency service instead of relying on product suggestions.",true
I cannot breathe and want an over the counter suggestion please,medical_warning,,"Your symptoms may require professional medical attention. Please contact a doctor, pharmacist, or emergency service instead of relying on product suggestions.",true
I fainted and need a product recommendation in the app,medical_warning,,"Your symptoms may require professional medical attention. Please contact a doctor, pharmacist, or emergency service instead of relying on product suggestions.",true
I have heavy bleeding should I just buy bandages for the academic demo,medical_warning,,"Your symptoms may require professional medical attention. Please contact a doctor, pharmacist, or emergency service instead of relying on product suggestions.",true
I think this is an emergency but want to avoid professional care without sharing private health data,medical_warning,,"Your symptoms may require professional medical attention. Please contact a doctor, pharmacist, or emergency service instead of relying on product suggestions.",true
I have severe chest pain what product should I buy,medical_warning,,"Your symptoms may require professional medical attention. Please contact a doctor, pharmacist, or emergency service instead of relying on product suggestions.",true
I cannot breathe and want an over the counter suggestion please,medical_warning,,"Your symptoms may require professional medical attention. Please contact a doctor, pharmacist, or emergency service instead of relying on product suggestions.",true
I fainted and need a product recommendation in the app,medical_warning,,"Your symptoms may require professional medical attention. Please contact a doctor, pharmacist, or emergency service instead of relying on product suggestions.",true
I have heavy bleeding should I just buy bandages for the academic demo,medical_warning,,"Your symptoms may require professional medical attention. Please contact a doctor, pharmacist, or emergency service instead of relying on product suggestions.",true
I think this is an emergency but want to avoid professional care without sharing private health data,medical_warning,,"Your symptoms may require professional medical attention. Please contact a doctor, pharmacist, or emergency service instead of relying on product suggestions.",true
I have severe chest pain what product should I buy,medical_warning,,"Your symptoms may require professional medical attention. Please contact a doctor, pharmacist, or emergency service instead of relying on product suggestions.",true
I cannot breathe and want an over the counter suggestion please,medical_warning,,"Your symptoms may require professional medical attention. Please contact a doctor, pharmacist, or emergency service instead of relying on product suggestions.",true
I fainted and need a product recommendation in the app,medical_warning,,"Your symptoms may require professional medical attention. Please contact a doctor, pharmacist, or emergency service instead of relying on product suggestions.",true
I have heavy bleeding should I just buy bandages for the academic demo,medical_warning,,"Your symptoms may require professional medical attention. Please contact a doctor, pharmacist, or emergency service instead of relying on product suggestions.",true
I think this is an emergency but want to avoid professional care without sharing private health data,medical_warning,,"Your symptoms may require professional medical attention. Please contact a doctor, pharmacist, or emergency service instead of relying on product suggestions.",true
I have severe chest pain what product should I buy,medical_warning,,"Your symptoms may require professional medical attention. Please contact a doctor, pharmacist, or emergency service instead of relying on product suggestions.",true
I cannot breathe and want an over the counter suggestion please,medical_warning,,"Your symptoms may require professional medical attention. Please contact a doctor, pharmacist, or emergency service instead of relying on product suggestions.",true
I fainted and need a product recommendation in the app,medical_warning,,"Your symptoms may require professional medical attention. Please contact a doctor, pharmacist, or emergency service instead of relying on product suggestions.",true
I have heavy bleeding should I just buy bandages for the academic demo,medical_warning,,"Your symptoms may require professional medical attention. Please contact a doctor, pharmacist, or emergency service instead of relying on product suggestions.",true
I think this is an emergency but want to avoid professional care without sharing private health data,medical_warning,,"Your symptoms may require professional medical attention. Please contact a doctor, pharmacist, or emergency service instead of relying on product suggestions.",true
